case_id,level1_category,level2_category,difficulty,gt_status,gt_error_type,gt_error_subtype,gt_label_source,gt_label_strength,baseline_status,baseline_error_type,baseline_error_subtype,baseline_error_type_raw,baseline_error_subtype_raw,baseline_error_position,baseline_label_source,sql_text,source_tier,source,source_ref,tags,notes
HIVE_REAL_001,QUERY,JOIN,medium,fail,parse_error,quoted_identifier_path_syntax,parser_unit_file_heuristic:TestSpecialCharacterInTableNamesQuotes.java,strong,fail,parse_error,quoted_identifier_path_syntax,cannot_recognize_input,quoted_identifier_path_syntax,1:98,local_hive_parse_sdk,"select ""cbo_/t3////"".c_int, c, count(*) from (select key as a, c_int+1 as b, sum(c_int) as c from ""c/b/o_t1"" where (""c/b/o_t1"".c_int + 1 >= 0) and (""c/b/o_t1"".c_int > 0 or ""c/b/o_t1"".c_float >= 0) group by c_float, ""c/b/o_t1"".c_int, key having ""c/b/o_t1"".c_float > 0 and (c_int >=1 or c_float >= 1) and (c_int + c_float) >= 0 order by b % c asc, b desc limit 5) ""c/b/o_t1"" left outer join (select key as p, c_int+1 as q, sum(c_int) as r from ""//cbo_t2"" where (""//cbo_t2"".c_int + 1 >= 0) and (""//cbo_t2"".c_int > 0 or ""//cbo_t2"".c_float >= 0) group by c_float, ""//cbo_t2"".c_int, key having ""//cbo_t2"".c_float > 0 and (c_int >=1 or c_float >= 1) and (c_int + c_float) >= 0 limit 5) ""//cbo_t2"" on ""c/b/o_t1"".a=p left outer join ""cbo_/t3////"" on ""c/b/o_t1"".a=key where (b + ""//cbo_t2"".q >= 0) and (b > 0 or c_int >= 0) group by ""cbo_/t3////"".c_int, c having ""cbo_/t3////"".c_int > 0 and (c_int >=1 or c >= 1) and (c_int + c) >= 0 order by ""cbo_/t3////"".c_int % c asc, ""cbo_/t3////"".c_int, c desc limit 5",real,apache_hive_parser_unit,https://github.com/apache/hive/blob/master/parser/src/test/org/apache/hadoop/hive/ql/parse/TestSpecialCharacterInTableNamesQuotes.java,baseline_error:parse_error;baseline_status:fail;feature:error_parse_error;feature:error_subtype_quoted_identifier_path_syntax;feature:group_by;feature:having;feature:join;feature:limit;feature:order_sort;feature:query;feature:status_fail;feature:subquery;gt_error:parse_error;gt_error_subtype:quoted_identifier_path_syntax;gt_status:fail;gt_strength:strong;level1:query;level2:join;source:apache_hive_parser_unit;tier:real,Auto-extracted from Apache Hive parser unit tests | baseline=local_hive_parse_sdk
HIVE_REAL_002,QUERY,SELECT_BASIC,easy,pass,,,open_benchmark_clientpositive_directory,strong,pass,,,,,,local_hive_parse_sdk,"select count(*) from (select key, key from src) subq",real,apache_hive_clientpositive,https://github.com/apache/hive/blob/master/ql/src/test/queries/clientpositive/ambiguous_col.q,baseline_status:pass;feature:query;feature:select_basic;feature:status_pass;feature:subquery;gt_status:pass;gt_strength:strong;level1:query;level2:select_basic;source:apache_hive_clientpositive;tier:real,Auto-extracted from Apache Hive open-source query test suite | positive directory assertion | baseline=local_hive_parse_sdk
HIVE_REAL_003,QUERY,WHERE_FILTER,medium,fail,parse_error,quoted_identifier_path_syntax,parser_unit_file_heuristic:TestSpecialCharacterInTableNamesQuotes.java,strong,fail,parse_error,quoted_identifier_path_syntax,cannot_recognize_input,quoted_identifier_path_syntax,1:94,local_hive_parse_sdk,"select * from (select ""//cbo_t2"".key as x, c_int as c_int, (((c_int+c_float)*10)+5) as y from ""c/b/o_t1"" as ""//cbo_t2"" where ""//cbo_t2"".c_int >= 0 and c_float+c_int >= 0 or c_float <= 100) as ""c/b/o_t1"" where ""c/b/o_t1"".c_int >= 0 and y+c_int >= 0 or x <= 100",real,apache_hive_parser_unit,https://github.com/apache/hive/blob/master/parser/src/test/org/apache/hadoop/hive/ql/parse/TestSpecialCharacterInTableNamesQuotes.java,baseline_error:parse_error;baseline_status:fail;feature:error_parse_error;feature:error_subtype_quoted_identifier_path_syntax;feature:query;feature:status_fail;feature:subquery;feature:where_filter;gt_error:parse_error;gt_error_subtype:quoted_identifier_path_syntax;gt_status:fail;gt_strength:strong;level1:query;level2:where_filter;source:apache_hive_parser_unit;tier:real,Auto-extracted from Apache Hive parser unit tests | baseline=local_hive_parse_sdk
HIVE_REAL_004,QUERY,WHERE_FILTER,medium,pass,,,open_benchmark_clientpositive_directory,strong,pass,,,,,,local_hive_parse_sdk,"SELECT SUM(hash(col)) FROM (SELECT transform(*) using 'tr ""\t"" ""_""' AS col FROM (SELECT * FROM ac_test.tstsrcpart WHERE ds='2008-04-08') subq1) subq2",real,apache_hive_clientpositive,https://github.com/apache/hive/blob/master/ql/src/test/queries/clientpositive/archive_multi.q,baseline_status:pass;feature:query;feature:status_pass;feature:subquery;feature:transform;feature:where_filter;gt_status:pass;gt_strength:strong;level1:query;level2:where_filter;source:apache_hive_clientpositive;tier:real,Auto-extracted from Apache Hive open-source query test suite | positive directory assertion | baseline=local_hive_parse_sdk
HIVE_REAL_005,QUERY,GROUP_BY,medium,fail,parse_error,quoted_identifier_path_syntax,parser_unit_file_heuristic:TestSpecialCharacterInTableNamesQuotes.java,strong,fail,parse_error,quoted_identifier_path_syntax,cannot_recognize_input,quoted_identifier_path_syntax,1:40,local_hive_parse_sdk,"select p_mfgr, p_name, avg(p_size) from ""p/a/r/t"" group by p_mfgr, p_name having p_name in (select first_value(p_name) over(partition by p_mfgr order by p_size) from ""p/a/r/t"") order by p_mfgr",real,apache_hive_parser_unit,https://github.com/apache/hive/blob/master/parser/src/test/org/apache/hadoop/hive/ql/parse/TestSpecialCharacterInTableNamesQuotes.java,baseline_error:parse_error;baseline_status:fail;feature:error_parse_error;feature:error_subtype_quoted_identifier_path_syntax;feature:group_by;feature:having;feature:order_sort;feature:query;feature:status_fail;feature:subquery;feature:window;gt_error:parse_error;gt_error_subtype:quoted_identifier_path_syntax;gt_status:fail;gt_strength:strong;level1:query;level2:group_by;source:apache_hive_parser_unit;tier:real,Auto-extracted from Apache Hive parser unit tests | baseline=local_hive_parse_sdk
HIVE_REAL_006,QUERY,ORDER_SORT,medium,pass,,,open_benchmark_clientpositive_directory,strong,pass,,,,,,local_hive_parse_sdk,"select a.key, a.value from t1_n55 a where not exists (select 1 from t2_n33 b where a.key=b.key) sort by a.key, a.value",real,apache_hive_clientpositive,https://github.com/apache/hive/blob/master/ql/src/test/queries/clientpositive/antijoin.q,baseline_status:pass;feature:order_sort;feature:query;feature:status_pass;feature:subquery;gt_status:pass;gt_strength:strong;level1:query;level2:order_sort;source:apache_hive_clientpositive;tier:real,Auto-extracted from Apache Hive open-source query test suite | positive directory assertion | baseline=local_hive_parse_sdk
HIVE_REAL_007,QUERY,SELECT_BASIC,easy,fail,parse_error,quoted_identifier_path_syntax,parser_unit_file_heuristic:TestSpecialCharacterInTableNamesQuotes.java,strong,fail,parse_error,quoted_identifier_path_syntax,cannot_recognize_input,quoted_identifier_path_syntax,1:73,local_hive_parse_sdk,"select x from (select count(c_int) over() as x, sum(c_float) over() from ""c/b/o_t1"") ""c/b/o_t1""",real,apache_hive_parser_unit,https://github.com/apache/hive/blob/master/parser/src/test/org/apache/hadoop/hive/ql/parse/TestSpecialCharacterInTableNamesQuotes.java,baseline_error:parse_error;baseline_status:fail;feature:error_parse_error;feature:error_subtype_quoted_identifier_path_syntax;feature:query;feature:select_basic;feature:status_fail;feature:subquery;feature:window;gt_error:parse_error;gt_error_subtype:quoted_identifier_path_syntax;gt_status:fail;gt_strength:strong;level1:query;level2:select_basic;source:apache_hive_parser_unit;tier:real,Auto-extracted from Apache Hive parser unit tests | baseline=local_hive_parse_sdk
HIVE_REAL_008,QUERY,INSERT_FROM,hard,pass,,,open_benchmark_clientpositive_directory,strong,pass,,,,,,local_hive_parse_sdk,"from multiinsert_test_text_2 a insert overwrite table multiinsert_test_acid_nondi partition (c) select a.a, a.b, a.c where a.c is not null insert overwrite table multiinsert_test_acid_nondi partition (c) select a.a, a.b, a.c where a.c is null sort by a.c",real,apache_hive_clientpositive,https://github.com/apache/hive/blob/master/ql/src/test/queries/clientpositive/acid_multiinsert_dyn_part.q,baseline_status:pass;feature:insert_from;feature:insert_overwrite;feature:order_sort;feature:partition;feature:query;feature:status_pass;feature:subquery;gt_status:pass;gt_strength:strong;level1:query;level2:insert_from;source:apache_hive_clientpositive;tier:real,Auto-extracted from Apache Hive open-source query test suite | positive directory assertion | baseline=local_hive_parse_sdk
HIVE_REAL_009,QUERY,ORDER_SORT,medium,fail,parse_error,quoted_identifier_path_syntax,parser_unit_file_heuristic:TestSpecialCharacterInTableNamesQuotes.java,strong,fail,parse_error,quoted_identifier_path_syntax,cannot_recognize_input,quoted_identifier_path_syntax,1:595,local_hive_parse_sdk,"select * from (select count(c_int) over(partition by c_float order by key), sum(c_float) over(partition by c_float order by key), max(c_int) over(partition by c_float order by key), min(c_int) over(partition by c_float order by key), row_number() over(partition by c_float order by key) as rn, rank() over(partition by c_float order by key), dense_rank() over(partition by c_float order by key), round(percent_rank() over(partition by c_float order by key),2), lead(c_int, 2, c_int) over(partition by c_float order by key ), lag(c_float, 2, c_float) over(partition by c_float order by key) from ""c/b/o_t1"" order by rn) ""c/b/o_t1""",real,apache_hive_parser_unit,https://github.com/apache/hive/blob/master/parser/src/test/org/apache/hadoop/hive/ql/parse/TestSpecialCharacterInTableNamesQuotes.java,baseline_error:parse_error;baseline_status:fail;feature:error_parse_error;feature:error_subtype_quoted_identifier_path_syntax;feature:order_sort;feature:query;feature:status_fail;feature:subquery;feature:window;gt_error:parse_error;gt_error_subtype:quoted_identifier_path_syntax;gt_status:fail;gt_strength:strong;level1:query;level2:order_sort;source:apache_hive_parser_unit;tier:real,Auto-extracted from Apache Hive parser unit tests | baseline=local_hive_parse_sdk
HIVE_REAL_010,QUERY,JOIN,medium,pass,,,open_benchmark_clientpositive_directory,strong,pass,,,,,,local_hive_parse_sdk,select key from (select v_n9.key from src_autho_test_n8 join v_n9 on src_autho_test_n8.key=v_n9.key)subq order by key limit 10,real,apache_hive_clientpositive,https://github.com/apache/hive/blob/master/ql/src/test/queries/clientpositive/authorization_view_1.q,baseline_status:pass;feature:join;feature:limit;feature:order_sort;feature:query;feature:status_pass;feature:subquery;gt_status:pass;gt_strength:strong;level1:query;level2:join;source:apache_hive_clientpositive;tier:real,Auto-extracted from Apache Hive open-source query test suite | positive directory assertion | baseline=local_hive_parse_sdk
HIVE_REAL_011,QUERY,UNION,hard,fail,parse_error,quoted_identifier_path_syntax,parser_unit_file_heuristic:TestSpecialCharacterInTableNamesQuotes.java,strong,fail,parse_error,quoted_identifier_path_syntax,cannot_recognize_input,quoted_identifier_path_syntax,1:67,local_hive_parse_sdk,"select r2.key from (select key, c_int from (select key, c_int from ""c/b/o_t1"" union all select key, c_int from ""cbo_/t3////"" )r1 union all select key, c_int from ""cbo_/t3////"")r2 join (select key, c_int from (select * from ""c/b/o_t1"" union all select * from ""//cbo_t2"" where ""//cbo_t2"".key >=0)r1 union all select key, c_int from ""cbo_/t3////"")r3 on r2.key=r3.key where r3.key >=0 order by r2.key",real,apache_hive_parser_unit,https://github.com/apache/hive/blob/master/parser/src/test/org/apache/hadoop/hive/ql/parse/TestSpecialCharacterInTableNamesQuotes.java,baseline_error:parse_error;baseline_status:fail;feature:error_parse_error;feature:error_subtype_quoted_identifier_path_syntax;feature:join;feature:order_sort;feature:query;feature:status_fail;feature:subquery;feature:union;gt_error:parse_error;gt_error_subtype:quoted_identifier_path_syntax;gt_status:fail;gt_strength:strong;level1:query;level2:union;source:apache_hive_parser_unit;tier:real,Auto-extracted from Apache Hive parser unit tests | baseline=local_hive_parse_sdk
HIVE_REAL_012,QUERY,LIMIT,easy,pass,,,open_benchmark_clientpositive_directory,strong,pass,,,,,,local_hive_parse_sdk,select explode(*) as x from allcolref limit 10,real,apache_hive_clientpositive,https://github.com/apache/hive/blob/master/ql/src/test/queries/clientpositive/allcolref_in_udf.q,baseline_status:pass;feature:limit;feature:query;feature:status_pass;gt_status:pass;gt_strength:strong;level1:query;level2:limit;source:apache_hive_clientpositive;tier:real,Auto-extracted from Apache Hive open-source query test suite | positive directory assertion | baseline=local_hive_parse_sdk
HIVE_REAL_013,QUERY,CTE,hard,fail,parse_error,quoted_identifier_path_syntax,parser_unit_file_heuristic:TestSpecialCharacterInTableNamesQuotes.java,strong,fail,parse_error,quoted_identifier_path_syntax,cannot_recognize_input,quoted_identifier_path_syntax,1:56,local_hive_parse_sdk,"with q1 as ( select ""c/b/o_t1"".c_int c_int from q2 join ""c/b/o_t1"" where q2.c_int = ""c/b/o_t1"".c_int and ""c/b/o_t1"".dt='2014'), q2 as ( select c_int,c_boolean from v1_n7 where value = '1' or dt = '14') select count(*) from q1 join q2 join v4_n0 on q1.c_int = q2.c_int and v4_n0.c_int = q2.c_int",real,apache_hive_parser_unit,https://github.com/apache/hive/blob/master/parser/src/test/org/apache/hadoop/hive/ql/parse/TestSpecialCharacterInTableNamesQuotes.java,baseline_error:parse_error;baseline_status:fail;feature:cte;feature:error_parse_error;feature:error_subtype_quoted_identifier_path_syntax;feature:join;feature:query;feature:status_fail;feature:subquery;gt_error:parse_error;gt_error_subtype:quoted_identifier_path_syntax;gt_status:fail;gt_strength:strong;level1:query;level2:cte;source:apache_hive_parser_unit;tier:real,Auto-extracted from Apache Hive parser unit tests | baseline=local_hive_parse_sdk
HIVE_REAL_014,QUERY,GROUP_BY,medium,pass,,,open_benchmark_clientpositive_directory,strong,pass,,,,,,local_hive_parse_sdk,"select ROW__ID, count(*) from over10k_orc_bucketed_n0 group by ROW__ID having count(*) > 1",real,apache_hive_clientpositive,https://github.com/apache/hive/blob/master/ql/src/test/queries/clientpositive/acid_vectorization_original_tez.q,baseline_status:pass;feature:group_by;feature:having;feature:query;feature:status_pass;gt_status:pass;gt_strength:strong;level1:query;level2:group_by;source:apache_hive_clientpositive;tier:real,Auto-extracted from Apache Hive open-source query test suite | positive directory assertion | baseline=local_hive_parse_sdk
HIVE_REAL_015,QUERY,WINDOW,hard,fail,parse_error,quoted_identifier_path_syntax,parser_unit_file_heuristic:TestSpecialCharacterInTableNamesQuotes.java,strong,fail,parse_error,quoted_identifier_path_syntax,cannot_recognize_input,quoted_identifier_path_syntax,1:909,local_hive_parse_sdk,"select i, a, h, b, c, d, e, f, g, a as x, a +1 as y from (select max(c_int) over (partition by key order by value range UNBOUNDED PRECEDING) a, min(c_int) over (partition by key order by value range current row) b, count(c_int) over(partition by key order by value range 1 PRECEDING) c, avg(value) over (partition by key order by value range between unbounded preceding and unbounded following) d, sum(value) over (partition by key order by value range between unbounded preceding and current row) e, avg(c_float) over (partition by key order by value range between 1 preceding and unbounded following) f, sum(c_float) over (partition by key order by value range between 1 preceding and current row) g, max(c_float) over (partition by key order by value range between 1 preceding and unbounded following) h, min(c_float) over (partition by key order by value range between 1 preceding and 1 following) i from ""c/b/o_t1"") ""c/b/o_t1""",real,apache_hive_parser_unit,https://github.com/apache/hive/blob/master/parser/src/test/org/apache/hadoop/hive/ql/parse/TestSpecialCharacterInTableNamesQuotes.java,baseline_error:parse_error;baseline_status:fail;feature:error_parse_error;feature:error_subtype_quoted_identifier_path_syntax;feature:order_sort;feature:query;feature:status_fail;feature:subquery;feature:window;gt_error:parse_error;gt_error_subtype:quoted_identifier_path_syntax;gt_status:fail;gt_strength:strong;level1:query;level2:window;source:apache_hive_parser_unit;tier:real,Auto-extracted from Apache Hive parser unit tests | baseline=local_hive_parse_sdk
HIVE_REAL_016,QUERY,WINDOW,hard,pass,,,official_doc_example,strong,fail,parse_error,window_clause_syntax,cannot_recognize_input,window_clause_syntax,1:105,local_hive_parse_sdk,"SELECT a, SUM(b) OVER (PARTITION BY c ORDER BY d ROWS BETWEEN UNBOUNDED PRECEDING AND CURRENT ROW) FROM T;",real,hive_official_docs,https://hive.apache.org/docs/latest/language/languagemanual-windowingandanalytics/,baseline_error:parse_error;baseline_status:fail;feature:order_sort;feature:query;feature:status_pass;feature:window;gt_status:pass;gt_strength:strong;level1:query;level2:window;source:hive_official_docs;tier:real,Auto-extracted from Apache Hive official documentation code block | baseline=local_hive_parse_sdk
HIVE_REAL_017,QUERY,LIMIT,easy,fail,parse_error,quoted_identifier_path_syntax,parser_unit_file_heuristic:TestSpecialCharacterInTableNamesQuotes.java,strong,fail,parse_error,quoted_identifier_path_syntax,cannot_recognize_input,quoted_identifier_path_syntax,1:49,local_hive_parse_sdk,"select key from(select key from (select key from ""c/b/o_t1"" limit 5)""//cbo_t2"" limit 5)""cbo_/t3////"" limit 5",real,apache_hive_parser_unit,https://github.com/apache/hive/blob/master/parser/src/test/org/apache/hadoop/hive/ql/parse/TestSpecialCharacterInTableNamesQuotes.java,baseline_error:parse_error;baseline_status:fail;feature:error_parse_error;feature:error_subtype_quoted_identifier_path_syntax;feature:limit;feature:query;feature:status_fail;feature:subquery;gt_error:parse_error;gt_error_subtype:quoted_identifier_path_syntax;gt_status:fail;gt_strength:strong;level1:query;level2:limit;source:apache_hive_parser_unit;tier:real,Auto-extracted from Apache Hive parser unit tests | baseline=local_hive_parse_sdk
HIVE_REAL_018,QUERY,LATERAL_VIEW,hard,pass,,,official_doc_example,strong,fail,parse_error,generic_parse_failure,cannot_recognize_input,generic_parse_failure,1:96,local_hive_parse_sdk,"SELECT adid, count(1) FROM pageAds LATERAL VIEW explode(adid_list) adTable AS adid GROUP BY adid;",real,hive_official_docs,https://hive.apache.org/docs/latest/language/languagemanual-lateralview/,baseline_error:parse_error;baseline_status:fail;feature:group_by;feature:lateral_view;feature:query;feature:status_pass;gt_status:pass;gt_strength:strong;level1:query;level2:lateral_view;source:hive_official_docs;tier:real,Auto-extracted from Apache Hive official documentation code block | baseline=local_hive_parse_sdk
HIVE_REAL_019,QUERY,JOIN,medium,fail,parse_error,quoted_identifier_path_syntax,parser_unit_file_heuristic:TestSpecialCharacterInTableNamesQuotes.java,strong,fail,parse_error,quoted_identifier_path_syntax,cannot_recognize_input,quoted_identifier_path_syntax,1:80,local_hive_parse_sdk,"select a, c, count(*) from (select key as a, c_int+1 as b, sum(c_int) as c from ""c/b/o_t1"" where (""c/b/o_t1"".c_int + 1 >= 0) and (""c/b/o_t1"".c_int > 0 or ""c/b/o_t1"".c_float >= 0) group by c_float, ""c/b/o_t1"".c_int, key having ""c/b/o_t1"".c_float > 0 and (c_int >=1 or c_float >= 1) and (c_int + c_float) >= 0 order by a+b desc, c asc limit 5) ""c/b/o_t1"" left semi join (select key as p, c_int+1 as q, sum(c_int) as r from ""//cbo_t2"" where (""//cbo_t2"".c_int + 1 >= 0) and (""//cbo_t2"".c_int > 0 or ""//cbo_t2"".c_float >= 0) group by c_float, ""//cbo_t2"".c_int, key having ""//cbo_t2"".c_float > 0 and (c_int >=1 or c_float >= 1) and (c_int + c_float) >= 0 order by q+r/10 desc, p limit 5) ""//cbo_t2"" on ""c/b/o_t1"".a=p left semi join ""cbo_/t3////"" on ""c/b/o_t1"".a=key where (b + 1 >= 0) and (b > 0 or a >= 0) group by a, c having a > 0 and (a >=1 or c >= 1) and (a + c) >= 0 order by c, a",real,apache_hive_parser_unit,https://github.com/apache/hive/blob/master/parser/src/test/org/apache/hadoop/hive/ql/parse/TestSpecialCharacterInTableNamesQuotes.java,baseline_error:parse_error;baseline_status:fail;feature:error_parse_error;feature:error_subtype_quoted_identifier_path_syntax;feature:group_by;feature:having;feature:join;feature:limit;feature:order_sort;feature:query;feature:status_fail;feature:subquery;gt_error:parse_error;gt_error_subtype:quoted_identifier_path_syntax;gt_status:fail;gt_strength:strong;level1:query;level2:join;source:apache_hive_parser_unit;tier:real,Auto-extracted from Apache Hive parser unit tests | baseline=local_hive_parse_sdk
HIVE_REAL_020,QUERY,TRANSFORM,hard,pass,,,open_benchmark_positive_directory,strong,pass,,,,,,local_hive_parse_sdk,"FROM ( FROM src_thrift SELECT TRANSFORM(src_thrift.lint, src_thrift.lintstring) USING '/bin/cat' AS (tkey, tvalue) CLUSTER BY tkey ) tmap INSERT OVERWRITE TABLE dest1 SELECT tmap.tkey, tmap.tvalue",real,apache_hive_positive,https://github.com/apache/hive/blob/master/ql/src/test/queries/positive/input5.q,baseline_status:pass;feature:insert_from;feature:insert_overwrite;feature:query;feature:status_pass;feature:subquery;feature:transform;gt_status:pass;gt_strength:strong;level1:query;level2:transform;source:apache_hive_positive;tier:real,Auto-extracted from Apache Hive open-source query test suite | positive directory assertion | baseline=local_hive_parse_sdk
HIVE_REAL_021,QUERY,WHERE_FILTER,medium,fail,parse_error,quoted_identifier_path_syntax,parser_unit_file_heuristic:TestSpecialCharacterInTableNamesQuotes.java,strong,fail,parse_error,quoted_identifier_path_syntax,cannot_recognize_input,quoted_identifier_path_syntax,1:29,local_hive_parse_sdk,"select * from (select * from ""c/b/o_t1"" as ""c/b/o_t1"" where ""c/b/o_t1"".c_int >= 0 and c_float+c_int >= 0 or c_float <= 100) as ""c/b/o_t1"" where ""c/b/o_t1"".c_int >= 0 and c_float+c_int >= 0 or c_float <= 100",real,apache_hive_parser_unit,https://github.com/apache/hive/blob/master/parser/src/test/org/apache/hadoop/hive/ql/parse/TestSpecialCharacterInTableNamesQuotes.java,baseline_error:parse_error;baseline_status:fail;feature:error_parse_error;feature:error_subtype_quoted_identifier_path_syntax;feature:query;feature:status_fail;feature:subquery;feature:where_filter;gt_error:parse_error;gt_error_subtype:quoted_identifier_path_syntax;gt_status:fail;gt_strength:strong;level1:query;level2:where_filter;source:apache_hive_parser_unit;tier:real,Auto-extracted from Apache Hive parser unit tests | baseline=local_hive_parse_sdk
HIVE_REAL_022,QUERY,UNION,hard,pass,,,open_benchmark_clientpositive_directory,strong,pass,,,,,,local_hive_parse_sdk,select key from (select value as key from v2_n7 union select value as key from v1_n13 union all select key from v_n9)subq limit 10,real,apache_hive_clientpositive,https://github.com/apache/hive/blob/master/ql/src/test/queries/clientpositive/authorization_view_1.q,baseline_status:pass;feature:limit;feature:query;feature:status_pass;feature:subquery;feature:union;gt_status:pass;gt_strength:strong;level1:query;level2:union;source:apache_hive_clientpositive;tier:real,Auto-extracted from Apache Hive open-source query test suite | positive directory assertion | baseline=local_hive_parse_sdk
HIVE_REAL_023,QUERY,GROUP_BY,medium,fail,parse_error,quoted_identifier_path_syntax,parser_unit_file_heuristic:TestSpecialCharacterInTableNamesQuotes.java,strong,fail,parse_error,quoted_identifier_path_syntax,cannot_recognize_input,quoted_identifier_path_syntax,1:41,local_hive_parse_sdk,"select b.p_mfgr, min(p_retailprice) from ""p/a/r/t"" b group by b.p_mfgr having b.p_mfgr not in (select p_mfgr from (select p_mfgr, min(p_retailprice) l, max(p_retailprice) r, avg(p_retailprice) a from ""p/a/r/t"" group by p_mfgr) a where min(p_retailprice) = l and r - l > 600 ) order by b.p_mfgr",real,apache_hive_parser_unit,https://github.com/apache/hive/blob/master/parser/src/test/org/apache/hadoop/hive/ql/parse/TestSpecialCharacterInTableNamesQuotes.java,baseline_error:parse_error;baseline_status:fail;feature:error_parse_error;feature:error_subtype_quoted_identifier_path_syntax;feature:group_by;feature:having;feature:order_sort;feature:query;feature:status_fail;feature:subquery;gt_error:parse_error;gt_error_subtype:quoted_identifier_path_syntax;gt_status:fail;gt_strength:strong;level1:query;level2:group_by;source:apache_hive_parser_unit;tier:real,Auto-extracted from Apache Hive parser unit tests | baseline=local_hive_parse_sdk
HIVE_REAL_024,QUERY,SELECT_BASIC,easy,pass,,,open_benchmark_clientpositive_directory,strong,pass,,,,,,local_hive_parse_sdk,"select distinct IF(seq==0, 'LOOKS OKAY', 'BROKEN'), regexp_extract(INPUT__FILE__NAME, '.*/(.*)/[^/]*', 1) from sequential_update",real,apache_hive_clientpositive,https://github.com/apache/hive/blob/master/ql/src/test/queries/clientpositive/acid_insert_overwrite_update.q,baseline_status:pass;feature:query;feature:select_basic;feature:status_pass;gt_status:pass;gt_strength:strong;level1:query;level2:select_basic;source:apache_hive_clientpositive;tier:real,Auto-extracted from Apache Hive open-source query test suite | positive directory assertion | baseline=local_hive_parse_sdk
HIVE_REAL_025,QUERY,SELECT_BASIC,easy,fail,parse_error,quoted_identifier_path_syntax,parser_unit_file_heuristic:TestSpecialCharacterInTableNamesQuotes.java,strong,fail,parse_error,quoted_identifier_path_syntax,cannot_recognize_input,quoted_identifier_path_syntax,1:179,local_hive_parse_sdk,"select f,a,e,b from (select count(*) as a, count(distinct c_int) as b, sum(distinct c_int) as c, avg(distinct c_int) as d, max(distinct c_int) as e, min(distinct c_int) as f from ""c/b/o_t1"") ""c/b/o_t1""",real,apache_hive_parser_unit,https://github.com/apache/hive/blob/master/parser/src/test/org/apache/hadoop/hive/ql/parse/TestSpecialCharacterInTableNamesQuotes.java,baseline_error:parse_error;baseline_status:fail;feature:error_parse_error;feature:error_subtype_quoted_identifier_path_syntax;feature:query;feature:select_basic;feature:status_fail;feature:subquery;gt_error:parse_error;gt_error_subtype:quoted_identifier_path_syntax;gt_status:fail;gt_strength:strong;level1:query;level2:select_basic;source:apache_hive_parser_unit;tier:real,Auto-extracted from Apache Hive parser unit tests | baseline=local_hive_parse_sdk
HIVE_REAL_026,QUERY,WHERE_FILTER,medium,pass,,,open_benchmark_clientpositive_directory,strong,pass,,,,,,local_hive_parse_sdk,"SELECT SUM(hash(col)) FROM (SELECT transform(*) using 'tr ""\t"" ""_""' AS col FROM (SELECT * FROM tstsrcpart_n2 WHERE ds='2008-04-08') subq1) subq2",real,apache_hive_clientpositive,https://github.com/apache/hive/blob/master/ql/src/test/queries/clientpositive/archive_excludeHadoop20.q,baseline_status:pass;feature:query;feature:status_pass;feature:subquery;feature:transform;feature:where_filter;gt_status:pass;gt_strength:strong;level1:query;level2:where_filter;source:apache_hive_clientpositive;tier:real,Auto-extracted from Apache Hive open-source query test suite | positive directory assertion | baseline=local_hive_parse_sdk
HIVE_REAL_027,QUERY,ORDER_SORT,medium,fail,parse_error,quoted_identifier_path_syntax,parser_unit_file_heuristic:TestSpecialCharacterInTableNamesQuotes.java,strong,fail,parse_error,quoted_identifier_path_syntax,cannot_recognize_input,quoted_identifier_path_syntax,1:70,local_hive_parse_sdk,"select key, c_int from(select key, c_int from (select key, c_int from ""c/b/o_t1"" order by c_int limit 5)""c/b/o_t1"" order by c_int limit 5)""//cbo_t2"" order by c_int limit 5",real,apache_hive_parser_unit,https://github.com/apache/hive/blob/master/parser/src/test/org/apache/hadoop/hive/ql/parse/TestSpecialCharacterInTableNamesQuotes.java,baseline_error:parse_error;baseline_status:fail;feature:error_parse_error;feature:error_subtype_quoted_identifier_path_syntax;feature:limit;feature:order_sort;feature:query;feature:status_fail;feature:subquery;gt_error:parse_error;gt_error_subtype:quoted_identifier_path_syntax;gt_status:fail;gt_strength:strong;level1:query;level2:order_sort;source:apache_hive_parser_unit;tier:real,Auto-extracted from Apache Hive parser unit tests | baseline=local_hive_parse_sdk
HIVE_REAL_028,QUERY,ORDER_SORT,medium,pass,,,open_benchmark_clientpositive_directory,strong,pass,,,,,,local_hive_parse_sdk,select key from authorization_part_n0 where ds>='2010' order by key limit 20,real,apache_hive_clientpositive,https://github.com/apache/hive/blob/master/ql/src/test/queries/clientpositive/authorization_6.q,baseline_status:pass;feature:limit;feature:order_sort;feature:query;feature:status_pass;gt_status:pass;gt_strength:strong;level1:query;level2:order_sort;source:apache_hive_clientpositive;tier:real,Auto-extracted from Apache Hive open-source query test suite | positive directory assertion | baseline=local_hive_parse_sdk
HIVE_REAL_029,QUERY,UNION,hard,fail,parse_error,quoted_identifier_path_syntax,parser_unit_file_heuristic:TestSpecialCharacterInTableNamesQuotes.java,strong,fail,parse_error,quoted_identifier_path_syntax,cannot_recognize_input,quoted_identifier_path_syntax,1:82,local_hive_parse_sdk,"select unionsrc.key, count(1) FROM (select 'max' as key, max(c_int) as value from ""cbo_/t3////"" s1 UNION ALL select 'min' as key, min(c_int) as value from ""cbo_/t3////"" s2 UNION ALL select 'avg' as key, avg(c_int) as value from ""cbo_/t3////"" s3) unionsrc group by unionsrc.key order by unionsrc.key",real,apache_hive_parser_unit,https://github.com/apache/hive/blob/master/parser/src/test/org/apache/hadoop/hive/ql/parse/TestSpecialCharacterInTableNamesQuotes.java,baseline_error:parse_error;baseline_status:fail;feature:error_parse_error;feature:error_subtype_quoted_identifier_path_syntax;feature:group_by;feature:order_sort;feature:query;feature:status_fail;feature:subquery;feature:union;gt_error:parse_error;gt_error_subtype:quoted_identifier_path_syntax;gt_status:fail;gt_strength:strong;level1:query;level2:union;source:apache_hive_parser_unit;tier:real,Auto-extracted from Apache Hive parser unit tests | baseline=local_hive_parse_sdk
HIVE_REAL_030,QUERY,INSERT_FROM,hard,pass,,,open_benchmark_clientpositive_directory,strong,pass,,,,,,local_hive_parse_sdk,"from multiinsert_test_text a insert overwrite table multiinsert_test_acid_nondi partition (c) select a.a, a.b, a.c where a.c is not null insert overwrite table multiinsert_test_acid_nondi partition (c) select a.a, a.b, a.c where a.c is null sort by a.c",real,apache_hive_clientpositive,https://github.com/apache/hive/blob/master/ql/src/test/queries/clientpositive/acid_multiinsert_dyn_part.q,baseline_status:pass;feature:insert_from;feature:insert_overwrite;feature:order_sort;feature:partition;feature:query;feature:status_pass;feature:subquery;gt_status:pass;gt_strength:strong;level1:query;level2:insert_from;source:apache_hive_clientpositive;tier:real,Auto-extracted from Apache Hive open-source query test suite | positive directory assertion | baseline=local_hive_parse_sdk
HIVE_REAL_031,QUERY,CTE,hard,fail,parse_error,quoted_identifier_path_syntax,parser_unit_file_heuristic:TestSpecialCharacterInTableNamesQuotes.java,strong,fail,parse_error,quoted_identifier_path_syntax,cannot_recognize_input,quoted_identifier_path_syntax,1:29,local_hive_parse_sdk,"with q1 as ( select key from ""c/b/o_t1"" where key = '1') select count(*) from q1",real,apache_hive_parser_unit,https://github.com/apache/hive/blob/master/parser/src/test/org/apache/hadoop/hive/ql/parse/TestSpecialCharacterInTableNamesQuotes.java,baseline_error:parse_error;baseline_status:fail;feature:cte;feature:error_parse_error;feature:error_subtype_quoted_identifier_path_syntax;feature:query;feature:status_fail;feature:subquery;gt_error:parse_error;gt_error_subtype:quoted_identifier_path_syntax;gt_status:fail;gt_strength:strong;level1:query;level2:cte;source:apache_hive_parser_unit;tier:real,Auto-extracted from Apache Hive parser unit tests | baseline=local_hive_parse_sdk
HIVE_REAL_032,QUERY,JOIN,medium,pass,,,open_benchmark_clientpositive_directory,strong,pass,,,,,,local_hive_parse_sdk,select v2_n0.key from v2_n0 join (select key from src_autho_test_n1)subq on v2_n0.value=subq.key order by key limit 10,real,apache_hive_clientpositive,https://github.com/apache/hive/blob/master/ql/src/test/queries/clientpositive/authorization_view_3.q,baseline_status:pass;feature:join;feature:limit;feature:order_sort;feature:query;feature:status_pass;feature:subquery;gt_status:pass;gt_strength:strong;level1:query;level2:join;source:apache_hive_clientpositive;tier:real,Auto-extracted from Apache Hive open-source query test suite | positive directory assertion | baseline=local_hive_parse_sdk
HIVE_REAL_033,QUERY,WINDOW,hard,fail,parse_error,quoted_identifier_path_syntax,parser_unit_file_heuristic:TestSpecialCharacterInTableNamesQuotes.java,strong,fail,parse_error,quoted_identifier_path_syntax,cannot_recognize_input,quoted_identifier_path_syntax,1:839,local_hive_parse_sdk,"select * from (select max(c_int) over (partition by key order by value Rows UNBOUNDED PRECEDING), min(c_int) over (partition by key order by value rows current row), count(c_int) over(partition by key order by value ROWS 1 PRECEDING), avg(value) over (partition by key order by value Rows between unbounded preceding and unbounded following), sum(value) over (partition by key order by value rows between unbounded preceding and current row), avg(c_float) over (partition by key order by value Rows between 1 preceding and unbounded following), sum(c_float) over (partition by key order by value rows between 1 preceding and current row), max(c_float) over (partition by key order by value rows between 1 preceding and unbounded following), min(c_float) over (partition by key order by value rows between 1 preceding and 1 following) from ""c/b/o_t1"") ""c/b/o_t1""",real,apache_hive_parser_unit,https://github.com/apache/hive/blob/master/parser/src/test/org/apache/hadoop/hive/ql/parse/TestSpecialCharacterInTableNamesQuotes.java,baseline_error:parse_error;baseline_status:fail;feature:error_parse_error;feature:error_subtype_quoted_identifier_path_syntax;feature:order_sort;feature:query;feature:status_fail;feature:subquery;feature:window;gt_error:parse_error;gt_error_subtype:quoted_identifier_path_syntax;gt_status:fail;gt_strength:strong;level1:query;level2:window;source:apache_hive_parser_unit;tier:real,Auto-extracted from Apache Hive parser unit tests | baseline=local_hive_parse_sdk
HIVE_REAL_034,QUERY,JOIN,medium,fail,parse_error,quoted_identifier_path_syntax,parser_unit_file_heuristic:TestSpecialCharacterInTableNamesQuotes.java,strong,fail,parse_error,quoted_identifier_path_syntax,cannot_recognize_input,quoted_identifier_path_syntax,1:80,local_hive_parse_sdk,"select a, c, count(*) from (select key as a, c_int+1 as b, sum(c_int) as c from ""c/b/o_t1"" where (""c/b/o_t1"".c_int + 1 >= 0) and (""c/b/o_t1"".c_int > 0 or ""c/b/o_t1"".c_float >= 0) group by c_float, ""c/b/o_t1"".c_int, key having ""c/b/o_t1"".c_float > 0 and (c_int >=1 or c_float >= 1) and (c_int + c_float) >= 0 order by a+b desc, c asc) ""c/b/o_t1"" left semi join (select key as p, c_int+1 as q, sum(c_int) as r from ""//cbo_t2"" where (""//cbo_t2"".c_int + 1 >= 0) and (""//cbo_t2"".c_int > 0 or ""//cbo_t2"".c_float >= 0) group by c_float, ""//cbo_t2"".c_int, key having ""//cbo_t2"".c_float > 0 and (c_int >=1 or c_float >= 1) and (c_int + c_float) >= 0 order by q+r/10 desc, p) ""//cbo_t2"" on ""c/b/o_t1"".a=p left semi join ""cbo_/t3////"" on ""c/b/o_t1"".a=key where (b + 1 >= 0) and (b > 0 or a >= 0) group by a, c having a > 0 and (a >=1 or c >= 1) and (a + c) >= 0 order by c, a",real,apache_hive_parser_unit,https://github.com/apache/hive/blob/master/parser/src/test/org/apache/hadoop/hive/ql/parse/TestSpecialCharacterInTableNamesQuotes.java,baseline_error:parse_error;baseline_status:fail;feature:error_parse_error;feature:error_subtype_quoted_identifier_path_syntax;feature:group_by;feature:having;feature:join;feature:order_sort;feature:query;feature:status_fail;feature:subquery;gt_error:parse_error;gt_error_subtype:quoted_identifier_path_syntax;gt_status:fail;gt_strength:strong;level1:query;level2:join;source:apache_hive_parser_unit;tier:real,Auto-extracted from Apache Hive parser unit tests | baseline=local_hive_parse_sdk
HIVE_REAL_035,QUERY,JOIN,medium,fail,parse_error,quoted_identifier_path_syntax,parser_unit_file_heuristic:TestSpecialCharacterInTableNamesQuotes.java,strong,fail,parse_error,quoted_identifier_path_syntax,cannot_recognize_input,quoted_identifier_path_syntax,1:98,local_hive_parse_sdk,"select ""cbo_/t3////"".c_int, c, count(*) from (select key as a, c_int+1 as b, sum(c_int) as c from ""c/b/o_t1"" where (""c/b/o_t1"".c_int + 1 >= 0) and (""c/b/o_t1"".c_int > 0 or ""c/b/o_t1"".c_float >= 0) group by c_float, ""c/b/o_t1"".c_int, key having ""c/b/o_t1"".c_float > 0 and (c_int >=1 or c_float >= 1) and (c_int + c_float) >= 0 order by b % c asc, b desc) ""c/b/o_t1"" left outer join (select key as p, c_int+1 as q, sum(c_int) as r from ""//cbo_t2"" where (""//cbo_t2"".c_int + 1 >= 0) and (""//cbo_t2"".c_int > 0 or ""//cbo_t2"".c_float >= 0) group by c_float, ""//cbo_t2"".c_int, key having ""//cbo_t2"".c_float > 0 and (c_int >=1 or c_float >= 1) and (c_int + c_float) >= 0) ""//cbo_t2"" on ""c/b/o_t1"".a=p left outer join ""cbo_/t3////"" on ""c/b/o_t1"".a=key where (b + ""//cbo_t2"".q >= 0) and (b > 0 or c_int >= 0) group by ""cbo_/t3////"".c_int, c having ""cbo_/t3////"".c_int > 0 and (c_int >=1 or c >= 1) and (c_int + c) >= 0 order by ""cbo_/t3////"".c_int % c asc, ""cbo_/t3////"".c_int desc",real,apache_hive_parser_unit,https://github.com/apache/hive/blob/master/parser/src/test/org/apache/hadoop/hive/ql/parse/TestSpecialCharacterInTableNamesQuotes.java,baseline_error:parse_error;baseline_status:fail;feature:error_parse_error;feature:error_subtype_quoted_identifier_path_syntax;feature:group_by;feature:having;feature:join;feature:order_sort;feature:query;feature:status_fail;feature:subquery;gt_error:parse_error;gt_error_subtype:quoted_identifier_path_syntax;gt_status:fail;gt_strength:strong;level1:query;level2:join;source:apache_hive_parser_unit;tier:real,Auto-extracted from Apache Hive parser unit tests | baseline=local_hive_parse_sdk
HIVE_REAL_036,QUERY,GROUP_BY,medium,pass,,,open_benchmark_clientpositive_directory,strong,pass,,,,,,local_hive_parse_sdk,"select ROW__ID, count(*) from over10k_orc_bucketed group by ROW__ID having count(*) > 1",real,apache_hive_clientpositive,https://github.com/apache/hive/blob/master/ql/src/test/queries/clientpositive/acid_vectorization_original.q,baseline_status:pass;feature:group_by;feature:having;feature:query;feature:status_pass;gt_status:pass;gt_strength:strong;level1:query;level2:group_by;source:apache_hive_clientpositive;tier:real,Auto-extracted from Apache Hive open-source query test suite | positive directory assertion | baseline=local_hive_parse_sdk
HIVE_REAL_037,QUERY,WHERE_FILTER,medium,fail,parse_error,quoted_identifier_path_syntax,parser_unit_file_heuristic:TestSpecialCharacterInTableNamesQuotes.java,strong,fail,parse_error,quoted_identifier_path_syntax,cannot_recognize_input,quoted_identifier_path_syntax,1:29,local_hive_parse_sdk,"select * from (select * from ""c/b/o_t1"" as ""//cbo_t2"" where ""//cbo_t2"".c_int >= 0 and c_float+c_int >= 0 or c_float <= 100) as ""//cbo_t2"" where ""//cbo_t2"".c_int >= 0 and c_float+c_int >= 0 or c_float <= 100",real,apache_hive_parser_unit,https://github.com/apache/hive/blob/master/parser/src/test/org/apache/hadoop/hive/ql/parse/TestSpecialCharacterInTableNamesQuotes.java,baseline_error:parse_error;baseline_status:fail;feature:error_parse_error;feature:error_subtype_quoted_identifier_path_syntax;feature:query;feature:status_fail;feature:subquery;feature:where_filter;gt_error:parse_error;gt_error_subtype:quoted_identifier_path_syntax;gt_status:fail;gt_strength:strong;level1:query;level2:where_filter;source:apache_hive_parser_unit;tier:real,Auto-extracted from Apache Hive parser unit tests | baseline=local_hive_parse_sdk
HIVE_REAL_038,QUERY,WINDOW,hard,pass,,,official_doc_example,strong,fail,parse_error,window_clause_syntax,cannot_recognize_input,window_clause_syntax,1:105,local_hive_parse_sdk,"SELECT a, AVG(b) OVER (PARTITION BY c ORDER BY d ROWS BETWEEN CURRENT ROW AND UNBOUNDED FOLLOWING) FROM T;",real,hive_official_docs,https://hive.apache.org/docs/latest/language/languagemanual-windowingandanalytics/,baseline_error:parse_error;baseline_status:fail;feature:order_sort;feature:query;feature:status_pass;feature:window;gt_status:pass;gt_strength:strong;level1:query;level2:window;source:hive_official_docs;tier:real,Auto-extracted from Apache Hive official documentation code block | baseline=local_hive_parse_sdk
HIVE_REAL_039,QUERY,GROUP_BY,medium,fail,parse_error,quoted_identifier_path_syntax,parser_unit_file_heuristic:TestSpecialCharacterInTableNamesQuotes.java,strong,fail,parse_error,quoted_identifier_path_syntax,cannot_recognize_input,quoted_identifier_path_syntax,1:33,local_hive_parse_sdk,"select key, value, count(*) from ""src/_/cbo"" b where b.key in (select key from ""src/_/cbo"" where ""src/_/cbo"".key > '8') group by key, value having count(*) in (select count(*) from ""src/_/cbo"" s1 where s1.key > '9' group by s1.key ) order by key",real,apache_hive_parser_unit,https://github.com/apache/hive/blob/master/parser/src/test/org/apache/hadoop/hive/ql/parse/TestSpecialCharacterInTableNamesQuotes.java,baseline_error:parse_error;baseline_status:fail;feature:error_parse_error;feature:error_subtype_quoted_identifier_path_syntax;feature:group_by;feature:having;feature:order_sort;feature:query;feature:status_fail;feature:subquery;gt_error:parse_error;gt_error_subtype:quoted_identifier_path_syntax;gt_status:fail;gt_strength:strong;level1:query;level2:group_by;source:apache_hive_parser_unit;tier:real,Auto-extracted from Apache Hive parser unit tests | baseline=local_hive_parse_sdk
HIVE_REAL_040,QUERY,WHERE_FILTER,medium,fail,parse_error,quoted_identifier_path_syntax,parser_unit_file_heuristic:TestSpecialCharacterInTableNamesQuotes.java,strong,fail,parse_error,quoted_identifier_path_syntax,cannot_recognize_input,quoted_identifier_path_syntax,1:94,local_hive_parse_sdk,"select * from (select ""//cbo_t2"".key as x, c_int as c_int, (((c_int+c_float)*10)+5) as y from ""c/b/o_t1"" as ""//cbo_t2"" where ""//cbo_t2"".c_int >= 0 and c_float+c_int >= 0 or c_float <= 100) as ""c/b/o_t1""",real,apache_hive_parser_unit,https://github.com/apache/hive/blob/master/parser/src/test/org/apache/hadoop/hive/ql/parse/TestSpecialCharacterInTableNamesQuotes.java,baseline_error:parse_error;baseline_status:fail;feature:error_parse_error;feature:error_subtype_quoted_identifier_path_syntax;feature:query;feature:status_fail;feature:subquery;feature:where_filter;gt_error:parse_error;gt_error_subtype:quoted_identifier_path_syntax;gt_status:fail;gt_strength:strong;level1:query;level2:where_filter;source:apache_hive_parser_unit;tier:real,Auto-extracted from Apache Hive parser unit tests | baseline=local_hive_parse_sdk
HIVE_REAL_041,QUERY,SELECT_BASIC,easy,fail,parse_error,quoted_identifier_path_syntax,parser_unit_file_heuristic:TestSpecialCharacterInTableNamesQuotes.java,strong,fail,parse_error,quoted_identifier_path_syntax,cannot_recognize_input,quoted_identifier_path_syntax,1:137,local_hive_parse_sdk,"select * from (select count(*) as a, count(distinct c_int) as b, sum(c_int) as c, avg(c_int) as d, max(c_int) as e, min(c_int) as f from ""c/b/o_t1"") ""c/b/o_t1""",real,apache_hive_parser_unit,https://github.com/apache/hive/blob/master/parser/src/test/org/apache/hadoop/hive/ql/parse/TestSpecialCharacterInTableNamesQuotes.java,baseline_error:parse_error;baseline_status:fail;feature:error_parse_error;feature:error_subtype_quoted_identifier_path_syntax;feature:query;feature:select_basic;feature:status_fail;feature:subquery;gt_error:parse_error;gt_error_subtype:quoted_identifier_path_syntax;gt_status:fail;gt_strength:strong;level1:query;level2:select_basic;source:apache_hive_parser_unit;tier:real,Auto-extracted from Apache Hive parser unit tests | baseline=local_hive_parse_sdk
HIVE_REAL_042,QUERY,TRANSFORM,hard,pass,,,open_benchmark_positive_directory,strong,pass,,,,,,local_hive_parse_sdk,"FROM ( FROM src SELECT TRANSFORM(src.key, src.value) USING '/bin/cat' AS (tkey, tvalue) CLUSTER BY tkey ) tmap INSERT OVERWRITE TABLE dest1 SELECT tmap.tkey, tmap.tvalue WHERE tmap.tkey < 100",real,apache_hive_positive,https://github.com/apache/hive/blob/master/ql/src/test/queries/positive/input4.q,baseline_status:pass;feature:insert_from;feature:insert_overwrite;feature:query;feature:status_pass;feature:subquery;feature:transform;gt_status:pass;gt_strength:strong;level1:query;level2:transform;source:apache_hive_positive;tier:real,Auto-extracted from Apache Hive open-source query test suite | positive directory assertion | baseline=local_hive_parse_sdk
HIVE_REAL_043,QUERY,ORDER_SORT,medium,fail,parse_error,quoted_identifier_path_syntax,parser_unit_file_heuristic:TestSpecialCharacterInTableNamesQuotes.java,strong,fail,parse_error,quoted_identifier_path_syntax,cannot_recognize_input,quoted_identifier_path_syntax,1:580,local_hive_parse_sdk,"select count(c_int) over(partition by c_float order by key), sum(c_float) over(partition by c_float order by key), max(c_int) over(partition by c_float order by key), min(c_int) over(partition by c_float order by key), row_number() over(partition by c_float order by key) as rn, rank() over(partition by c_float order by key), dense_rank() over(partition by c_float order by key), round(percent_rank() over(partition by c_float order by key), 2), lead(c_int, 2, c_int) over(partition by c_float order by key), lag(c_float, 2, c_float) over(partition by c_float order by key) from ""c/b/o_t1"" order by rn",real,apache_hive_parser_unit,https://github.com/apache/hive/blob/master/parser/src/test/org/apache/hadoop/hive/ql/parse/TestSpecialCharacterInTableNamesQuotes.java,baseline_error:parse_error;baseline_status:fail;feature:error_parse_error;feature:error_subtype_quoted_identifier_path_syntax;feature:order_sort;feature:query;feature:status_fail;feature:window;gt_error:parse_error;gt_error_subtype:quoted_identifier_path_syntax;gt_status:fail;gt_strength:strong;level1:query;level2:order_sort;source:apache_hive_parser_unit;tier:real,Auto-extracted from Apache Hive parser unit tests | baseline=local_hive_parse_sdk
HIVE_REAL_044,QUERY,UNION,hard,pass,,,open_benchmark_clientpositive_directory,strong,pass,,,,,,local_hive_parse_sdk,select key from (select key as key from src_autho_test_n8 union all select key from v_n9)subq limit 10,real,apache_hive_clientpositive,https://github.com/apache/hive/blob/master/ql/src/test/queries/clientpositive/authorization_view_1.q,baseline_status:pass;feature:limit;feature:query;feature:status_pass;feature:subquery;feature:union;gt_status:pass;gt_strength:strong;level1:query;level2:union;source:apache_hive_clientpositive;tier:real,Auto-extracted from Apache Hive open-source query test suite | positive directory assertion | baseline=local_hive_parse_sdk
HIVE_REAL_045,QUERY,UNION,hard,fail,parse_error,quoted_identifier_path_syntax,parser_unit_file_heuristic:TestSpecialCharacterInTableNamesQuotes.java,strong,fail,parse_error,quoted_identifier_path_syntax,cannot_recognize_input,quoted_identifier_path_syntax,1:88,local_hive_parse_sdk,"select unionsrc.key, unionsrc.value FROM (select 'max' as key, max(c_int) as value from ""cbo_/t3////"" s1 UNION ALL select 'min' as key, min(c_int) as value from ""cbo_/t3////"" s2 UNION ALL select 'avg' as key, avg(c_int) as value from ""cbo_/t3////"" s3) unionsrc order by unionsrc.key",real,apache_hive_parser_unit,https://github.com/apache/hive/blob/master/parser/src/test/org/apache/hadoop/hive/ql/parse/TestSpecialCharacterInTableNamesQuotes.java,baseline_error:parse_error;baseline_status:fail;feature:error_parse_error;feature:error_subtype_quoted_identifier_path_syntax;feature:order_sort;feature:query;feature:status_fail;feature:subquery;feature:union;gt_error:parse_error;gt_error_subtype:quoted_identifier_path_syntax;gt_status:fail;gt_strength:strong;level1:query;level2:union;source:apache_hive_parser_unit;tier:real,Auto-extracted from Apache Hive parser unit tests | baseline=local_hive_parse_sdk
HIVE_REAL_046,QUERY,SELECT_BASIC,easy,pass,,,open_benchmark_clientpositive_directory,strong,pass,,,,,,local_hive_parse_sdk,"select distinct IF(seq==1, 'LOOKS OKAY', 'BROKEN'), regexp_extract(INPUT__FILE__NAME, '.*/(.*)/[^/]*', 1) from sequential_update",real,apache_hive_clientpositive,https://github.com/apache/hive/blob/master/ql/src/test/queries/clientpositive/acid_insert_overwrite_update.q,baseline_status:pass;feature:query;feature:select_basic;feature:status_pass;gt_status:pass;gt_strength:strong;level1:query;level2:select_basic;source:apache_hive_clientpositive;tier:real,Auto-extracted from Apache Hive open-source query test suite | positive directory assertion | baseline=local_hive_parse_sdk
HIVE_REAL_047,QUERY,CTE,hard,fail,parse_error,quoted_identifier_path_syntax,parser_unit_file_heuristic:TestSpecialCharacterInTableNamesQuotes.java,strong,fail,parse_error,quoted_identifier_path_syntax,cannot_recognize_input,quoted_identifier_path_syntax,1:35,local_hive_parse_sdk,"with q1 as ( select key,c_int from ""c/b/o_t1"" where key = '1') select * from q1",real,apache_hive_parser_unit,https://github.com/apache/hive/blob/master/parser/src/test/org/apache/hadoop/hive/ql/parse/TestSpecialCharacterInTableNamesQuotes.java,baseline_error:parse_error;baseline_status:fail;feature:cte;feature:error_parse_error;feature:error_subtype_quoted_identifier_path_syntax;feature:query;feature:status_fail;feature:subquery;gt_error:parse_error;gt_error_subtype:quoted_identifier_path_syntax;gt_status:fail;gt_strength:strong;level1:query;level2:cte;source:apache_hive_parser_unit;tier:real,Auto-extracted from Apache Hive parser unit tests | baseline=local_hive_parse_sdk
HIVE_REAL_048,QUERY,WHERE_FILTER,medium,pass,,,open_benchmark_clientpositive_directory,strong,pass,,,,,,local_hive_parse_sdk,"SELECT SUM(hash(col)) FROM (SELECT transform(*) using 'tr ""\t"" ""_""' AS col FROM (SELECT * FROM old_name WHERE ds='1') subq1) subq2",real,apache_hive_clientpositive,https://github.com/apache/hive/blob/master/ql/src/test/queries/clientpositive/archive_excludeHadoop20.q,baseline_status:pass;feature:query;feature:status_pass;feature:subquery;feature:transform;feature:where_filter;gt_status:pass;gt_strength:strong;level1:query;level2:where_filter;source:apache_hive_clientpositive;tier:real,Auto-extracted from Apache Hive open-source query test suite | positive directory assertion | baseline=local_hive_parse_sdk
HIVE_REAL_049,QUERY,JOIN,medium,fail,parse_error,quoted_identifier_path_syntax,parser_unit_file_heuristic:TestSpecialCharacterInTableNamesQuotes.java,strong,fail,parse_error,quoted_identifier_path_syntax,cannot_recognize_input,quoted_identifier_path_syntax,1:98,local_hive_parse_sdk,"select ""cbo_/t3////"".c_int, c, count(*) from (select key as a, c_int+1 as b, sum(c_int) as c from ""c/b/o_t1"" where (""c/b/o_t1"".c_int + 1 >= 0) and (""c/b/o_t1"".c_int > 0 or ""c/b/o_t1"".c_float >= 0) group by c_float, ""c/b/o_t1"".c_int, key having ""c/b/o_t1"".c_float > 0 and (c_int >=1 or c_float >= 1) and (c_int + c_float) >= 0 order by c+a desc) ""c/b/o_t1"" full outer join (select key as p, c_int+1 as q, sum(c_int) as r from ""//cbo_t2"" where (""//cbo_t2"".c_int + 1 >= 0) and (""//cbo_t2"".c_int > 0 or ""//cbo_t2"".c_float >= 0) group by c_float, ""//cbo_t2"".c_int, key having ""//cbo_t2"".c_float > 0 and (c_int >=1 or c_float >= 1) and (c_int + c_float) >= 0 order by p+q desc, r asc) ""//cbo_t2"" on ""c/b/o_t1"".a=p full outer join ""cbo_/t3////"" on ""c/b/o_t1"".a=key where (b + ""//cbo_t2"".q >= 0) and (b > 0 or c_int >= 0) group by ""cbo_/t3////"".c_int, c having ""cbo_/t3////"".c_int > 0 and (c_int >=1 or c >= 1) and (c_int + c) >= 0 order by ""cbo_/t3////"".c_int",real,apache_hive_parser_unit,https://github.com/apache/hive/blob/master/parser/src/test/org/apache/hadoop/hive/ql/parse/TestSpecialCharacterInTableNamesQuotes.java,baseline_error:parse_error;baseline_status:fail;feature:error_parse_error;feature:error_subtype_quoted_identifier_path_syntax;feature:group_by;feature:having;feature:join;feature:order_sort;feature:query;feature:status_fail;feature:subquery;gt_error:parse_error;gt_error_subtype:quoted_identifier_path_syntax;gt_status:fail;gt_strength:strong;level1:query;level2:join;source:apache_hive_parser_unit;tier:real,Auto-extracted from Apache Hive parser unit tests | baseline=local_hive_parse_sdk
HIVE_REAL_050,QUERY,ORDER_SORT,medium,pass,,,open_benchmark_clientpositive_directory,strong,pass,,,,,,local_hive_parse_sdk,select key from authorization_part where ds='2010' order by key limit 20,real,apache_hive_clientpositive,https://github.com/apache/hive/blob/master/ql/src/test/queries/clientpositive/authorization_2.q,baseline_status:pass;feature:limit;feature:order_sort;feature:query;feature:status_pass;gt_status:pass;gt_strength:strong;level1:query;level2:order_sort;source:apache_hive_clientpositive;tier:real,Auto-extracted from Apache Hive open-source query test suite | positive directory assertion | baseline=local_hive_parse_sdk
HIVE_REAL_051,DDL,CREATE_TABLE_SYNTAX,medium,fail,parse_error,quoted_identifier_path_syntax,parser_unit_file_heuristic:TestSpecialCharacterInTableNamesQuotes.java,strong,fail,parse_error,reserved_keyword_table_name,cannot_recognize_input,reserved_keyword_table_name,1:13,local_hive_parse_sdk,"CREATE TABLE ""line/item"" (L_ORDERKEY INT, L_PARTKEY INT, L_SUPPKEY INT, L_LINENUMBER INT, L_QUANTITY DOUBLE, L_EXTENDEDPRICE DOUBLE, L_DISCOUNT DOUBLE, L_TAX DOUBLE, L_RETURNFLAG STRING, L_LINESTATUS STRING, l_shipdate STRING, L_COMMITDATE STRING, L_RECEIPTDATE STRING, L_SHIPINSTRUCT STRING, L_SHIPMODE STRING, L_COMMENT STRING) ROW FORMAT DELIMITED FIELDS TERMINATED BY '|'",real,apache_hive_parser_unit,https://github.com/apache/hive/blob/master/parser/src/test/org/apache/hadoop/hive/ql/parse/TestSpecialCharacterInTableNamesQuotes.java,baseline_error:parse_error;baseline_status:fail;feature:create_table;feature:create_table_syntax;feature:ddl;feature:error_parse_error;feature:error_subtype_quoted_identifier_path_syntax;feature:serde;feature:status_fail;gt_error:parse_error;gt_error_subtype:quoted_identifier_path_syntax;gt_status:fail;gt_strength:strong;level1:ddl;level2:create_table_syntax;source:apache_hive_parser_unit;tier:real,Auto-extracted from Apache Hive parser unit tests | baseline=local_hive_parse_sdk
HIVE_REAL_052,DDL,CREATE_TABLE_SYNTAX,medium,pass,,,open_benchmark_clientpositive_directory,strong,pass,,,,,,local_hive_parse_sdk,"CREATE TABLE IF NOT EXISTS test_update_partition_textfile_mmctas PARTITIONED BY (id) STORED AS TEXTFILE TBLPROPERTIES('transactional'='true', 'transactional_properties'='insert_only') AS (SELECT * FROM test_update_bucketed WHERE id = 1 UNION SELECT * FROM test_update_bucketed WHERE id = 2)",real,apache_hive_clientpositive,https://github.com/apache/hive/blob/master/ql/src/test/queries/clientpositive/acid_locking_ctas.q,baseline_status:pass;feature:create_table;feature:create_table_syntax;feature:ddl;feature:status_pass;feature:subquery;feature:transactional;feature:union;gt_status:pass;gt_strength:strong;level1:ddl;level2:create_table_syntax;source:apache_hive_clientpositive;tier:real,Auto-extracted from Apache Hive open-source query test suite | positive directory assertion | baseline=local_hive_parse_sdk
HIVE_REAL_053,DDL,CREATE_DATABASE_SYNTAX,medium,fail,parse_error,quoted_identifier_path_syntax,parser_unit_file_heuristic:TestSpecialCharacterInTableNamesQuotes.java,strong,fail,parse_error,quoted_identifier_path_syntax,cannot_recognize_input,quoted_identifier_path_syntax,1:60,local_hive_parse_sdk,"create view v3_n0 as select v1_n7.value val from v1_n7 join ""c/b/o_t1"" on v1_n7.c_boolean = ""c/b/o_t1"".c_boolean",real,apache_hive_parser_unit,https://github.com/apache/hive/blob/master/parser/src/test/org/apache/hadoop/hive/ql/parse/TestSpecialCharacterInTableNamesQuotes.java,baseline_error:parse_error;baseline_status:fail;feature:create_database_syntax;feature:ddl;feature:error_parse_error;feature:error_subtype_quoted_identifier_path_syntax;feature:join;feature:status_fail;gt_error:parse_error;gt_error_subtype:quoted_identifier_path_syntax;gt_status:fail;gt_strength:strong;level1:ddl;level2:create_database_syntax;source:apache_hive_parser_unit;tier:real,Auto-extracted from Apache Hive parser unit tests | baseline=local_hive_parse_sdk
HIVE_REAL_054,DDL,ALTER_TABLE_SYNTAX,medium,pass,,,open_benchmark_clientpositive_directory,strong,pass,,,,,,local_hive_parse_sdk,alter table tst1_n1 partition (ds = '1') into 6 buckets,real,apache_hive_clientpositive,https://github.com/apache/hive/blob/master/ql/src/test/queries/clientpositive/alter_numbuckets_partitioned_table_h23.q,baseline_status:pass;feature:alter_table;feature:alter_table_syntax;feature:bucketing;feature:ddl;feature:partition;feature:status_pass;gt_status:pass;gt_strength:strong;level1:ddl;level2:alter_table_syntax;source:apache_hive_clientpositive;tier:real,Auto-extracted from Apache Hive open-source query test suite | positive directory assertion | baseline=local_hive_parse_sdk
HIVE_REAL_055,DDL,DROP_DATABASE_SYNTAX,medium,fail,parse_error,quoted_identifier_path_syntax,parser_unit_file_heuristic:TestSpecialCharacterInTableNamesQuotes.java,strong,fail,parse_error,quoted_database_identifier_syntax,cannot_recognize_input,quoted_database_identifier_syntax,1:14,local_hive_parse_sdk,"drop database ""db~!@#$%^&*(),<>"" cascade",real,apache_hive_parser_unit,https://github.com/apache/hive/blob/master/parser/src/test/org/apache/hadoop/hive/ql/parse/TestSpecialCharacterInTableNamesQuotes.java,baseline_error:parse_error;baseline_status:fail;feature:ddl;feature:drop_database_syntax;feature:error_parse_error;feature:error_subtype_quoted_identifier_path_syntax;feature:status_fail;gt_error:parse_error;gt_error_subtype:quoted_identifier_path_syntax;gt_status:fail;gt_strength:strong;level1:ddl;level2:drop_database_syntax;source:apache_hive_parser_unit;tier:real,Auto-extracted from Apache Hive parser unit tests | baseline=local_hive_parse_sdk
HIVE_REAL_056,DDL,DROP_TABLE_SYNTAX,medium,pass,,,open_benchmark_clientpositive_directory,strong,pass,,,,,,local_hive_parse_sdk,DROP TABLE test_db_nocurr.test_table_for_alter_partition_nocurrentdb,real,apache_hive_clientpositive,https://github.com/apache/hive/blob/master/ql/src/test/queries/clientpositive/alter_partition_onto_nocurrent_db.q,baseline_status:pass;feature:ddl;feature:drop_table;feature:drop_table_syntax;feature:status_pass;gt_status:pass;gt_strength:strong;level1:ddl;level2:drop_table_syntax;source:apache_hive_clientpositive;tier:real,Auto-extracted from Apache Hive open-source query test suite | positive directory assertion | baseline=local_hive_parse_sdk
HIVE_REAL_057,DDL,DROP_TABLE_SYNTAX,medium,fail,parse_error,quoted_identifier_path_syntax,parser_unit_file_heuristic:TestSpecialCharacterInTableNamesQuotes.java,strong,fail,parse_error,reserved_keyword_table_name,cannot_recognize_input,reserved_keyword_table_name,1:11,local_hive_parse_sdk,"drop table ""t//""",real,apache_hive_parser_unit,https://github.com/apache/hive/blob/master/parser/src/test/org/apache/hadoop/hive/ql/parse/TestSpecialCharacterInTableNamesQuotes.java,baseline_error:parse_error;baseline_status:fail;feature:ddl;feature:drop_table;feature:drop_table_syntax;feature:error_parse_error;feature:error_subtype_quoted_identifier_path_syntax;feature:status_fail;gt_error:parse_error;gt_error_subtype:quoted_identifier_path_syntax;gt_status:fail;gt_strength:strong;level1:ddl;level2:drop_table_syntax;source:apache_hive_parser_unit;tier:real,Auto-extracted from Apache Hive parser unit tests | baseline=local_hive_parse_sdk
HIVE_REAL_058,DDL,CREATE_DATABASE_SYNTAX,medium,pass,,,open_benchmark_clientpositive_directory,strong,pass,,,,,,local_hive_parse_sdk,create view v3 as with t as (select * from v1) select * from t,real,apache_hive_clientpositive,https://github.com/apache/hive/blob/master/ql/src/test/queries/clientpositive/authorization_nested_views.q,baseline_status:pass;feature:create_database_syntax;feature:cte;feature:ddl;feature:status_pass;feature:subquery;gt_status:pass;gt_strength:strong;level1:ddl;level2:create_database_syntax;source:apache_hive_clientpositive;tier:real,Auto-extracted from Apache Hive open-source query test suite | positive directory assertion | baseline=local_hive_parse_sdk
HIVE_REAL_059,DDL,CREATE_TABLE_SYNTAX,medium,fail,parse_error,quoted_identifier_path_syntax,parser_unit_file_heuristic:TestSpecialCharacterInTableNamesQuotes.java,strong,fail,parse_error,reserved_keyword_table_name,cannot_recognize_input,reserved_keyword_table_name,1:13,local_hive_parse_sdk,"create table ""c/b/o_t1""(key string, value string, c_int int, c_float float, c_boolean boolean) partitioned by (dt string) row format delimited fields terminated by ',' STORED AS TEXTFILE",real,apache_hive_parser_unit,https://github.com/apache/hive/blob/master/parser/src/test/org/apache/hadoop/hive/ql/parse/TestSpecialCharacterInTableNamesQuotes.java,baseline_error:parse_error;baseline_status:fail;feature:create_table;feature:create_table_syntax;feature:ddl;feature:error_parse_error;feature:error_subtype_quoted_identifier_path_syntax;feature:serde;feature:status_fail;gt_error:parse_error;gt_error_subtype:quoted_identifier_path_syntax;gt_status:fail;gt_strength:strong;level1:ddl;level2:create_table_syntax;source:apache_hive_parser_unit;tier:real,Auto-extracted from Apache Hive parser unit tests | baseline=local_hive_parse_sdk
HIVE_REAL_060,DDL,DROP_DATABASE_SYNTAX,medium,pass,,,open_benchmark_clientpositive_directory,strong,pass,,,,,,local_hive_parse_sdk,drop database if exists statsdb2,real,apache_hive_clientpositive,https://github.com/apache/hive/blob/master/ql/src/test/queries/clientpositive/alter_table_column_stats.q,baseline_status:pass;feature:ddl;feature:drop_database_syntax;feature:status_pass;gt_status:pass;gt_strength:strong;level1:ddl;level2:drop_database_syntax;source:apache_hive_clientpositive;tier:real,Auto-extracted from Apache Hive open-source query test suite | positive directory assertion | baseline=local_hive_parse_sdk
HIVE_REAL_061,DDL,CREATE_DATABASE_SYNTAX,medium,fail,parse_error,quoted_identifier_path_syntax,parser_unit_file_heuristic:TestSpecialCharacterInTableNamesQuotes.java,strong,fail,parse_error,quoted_identifier_path_syntax,cannot_recognize_input,quoted_identifier_path_syntax,1:61,local_hive_parse_sdk,"create view v1_n7 as select c_int, value, c_boolean, dt from ""c/b/o_t1""",real,apache_hive_parser_unit,https://github.com/apache/hive/blob/master/parser/src/test/org/apache/hadoop/hive/ql/parse/TestSpecialCharacterInTableNamesQuotes.java,baseline_error:parse_error;baseline_status:fail;feature:create_database_syntax;feature:ddl;feature:error_parse_error;feature:error_subtype_quoted_identifier_path_syntax;feature:status_fail;gt_error:parse_error;gt_error_subtype:quoted_identifier_path_syntax;gt_status:fail;gt_strength:strong;level1:ddl;level2:create_database_syntax;source:apache_hive_parser_unit;tier:real,Auto-extracted from Apache Hive parser unit tests | baseline=local_hive_parse_sdk
HIVE_REAL_062,DDL,CREATE_TABLE_SYNTAX,medium,pass,,,open_benchmark_clientpositive_directory,strong,pass,,,,,,local_hive_parse_sdk,"CREATE TABLE IF NOT EXISTS test_update_partition_parquet_mmctas PARTITIONED BY (id) STORED AS PARQUET TBLPROPERTIES('transactional'='true', 'transactional_properties'='insert_only') AS (SELECT * FROM test_update_bucketed WHERE id = 1 UNION SELECT * FROM test_update_bucketed WHERE id = 2)",real,apache_hive_clientpositive,https://github.com/apache/hive/blob/master/ql/src/test/queries/clientpositive/acid_locking_ctas.q,baseline_status:pass;feature:create_table;feature:create_table_syntax;feature:ddl;feature:status_pass;feature:subquery;feature:transactional;feature:union;gt_status:pass;gt_strength:strong;level1:ddl;level2:create_table_syntax;source:apache_hive_clientpositive;tier:real,Auto-extracted from Apache Hive open-source query test suite | positive directory assertion | baseline=local_hive_parse_sdk
HIVE_REAL_063,DDL,CREATE_TABLE_SYNTAX,medium,fail,parse_error,quoted_identifier_path_syntax,parser_unit_file_heuristic:TestSpecialCharacterInTableNamesQuotes.java,strong,fail,parse_error,reserved_keyword_table_name,cannot_recognize_input,reserved_keyword_table_name,1:13,local_hive_parse_sdk,"create table ""//cbo_t2""(key string, value string, c_int int, c_float float, c_boolean boolean) partitioned by (dt string) row format delimited fields terminated by ',' STORED AS TEXTFILE",real,apache_hive_parser_unit,https://github.com/apache/hive/blob/master/parser/src/test/org/apache/hadoop/hive/ql/parse/TestSpecialCharacterInTableNamesQuotes.java,baseline_error:parse_error;baseline_status:fail;feature:create_table;feature:create_table_syntax;feature:ddl;feature:error_parse_error;feature:error_subtype_quoted_identifier_path_syntax;feature:serde;feature:status_fail;gt_error:parse_error;gt_error_subtype:quoted_identifier_path_syntax;gt_status:fail;gt_strength:strong;level1:ddl;level2:create_table_syntax;source:apache_hive_parser_unit;tier:real,Auto-extracted from Apache Hive parser unit tests | baseline=local_hive_parse_sdk
HIVE_REAL_064,DDL,ALTER_TABLE_SYNTAX,medium,pass,,,open_benchmark_clientpositive_directory,strong,pass,,,,,,local_hive_parse_sdk,ALTER TABLE alter_file_format_test SET FILEFORMAT INPUTFORMAT 'org.apache.hadoop.mapred.TextInputFormat' OUTPUTFORMAT 'org.apache.hadoop.hive.ql.io.IgnoreKeyTextOutputFormat' SERDE 'org.apache.hadoop.hive.serde2.lazy.LazySimpleSerDe',real,apache_hive_clientpositive,https://github.com/apache/hive/blob/master/ql/src/test/queries/clientpositive/alter_file_format.q,baseline_status:pass;feature:alter_table;feature:alter_table_syntax;feature:ddl;feature:serde;feature:status_pass;gt_status:pass;gt_strength:strong;level1:ddl;level2:alter_table_syntax;source:apache_hive_clientpositive;tier:real,Auto-extracted from Apache Hive open-source query test suite | positive directory assertion | baseline=local_hive_parse_sdk
HIVE_REAL_065,DDL,CREATE_DATABASE_SYNTAX,medium,fail,parse_error,quoted_identifier_path_syntax,parser_unit_file_heuristic:TestSpecialCharacterInTableNamesQuotes.java,strong,fail,parse_error,quoted_identifier_path_syntax,cannot_recognize_input,quoted_identifier_path_syntax,1:46,local_hive_parse_sdk,"create view v2_n2 as select c_int, value from ""//cbo_t2""",real,apache_hive_parser_unit,https://github.com/apache/hive/blob/master/parser/src/test/org/apache/hadoop/hive/ql/parse/TestSpecialCharacterInTableNamesQuotes.java,baseline_error:parse_error;baseline_status:fail;feature:create_database_syntax;feature:ddl;feature:error_parse_error;feature:error_subtype_quoted_identifier_path_syntax;feature:status_fail;gt_error:parse_error;gt_error_subtype:quoted_identifier_path_syntax;gt_status:fail;gt_strength:strong;level1:ddl;level2:create_database_syntax;source:apache_hive_parser_unit;tier:real,Auto-extracted from Apache Hive parser unit tests | baseline=local_hive_parse_sdk
HIVE_REAL_066,DDL,DROP_TABLE_SYNTAX,medium,pass,,,open_benchmark_clientpositive_directory,strong,pass,,,,,,local_hive_parse_sdk,drop table if exists annotate_stats_lateral_view_join_test,real,apache_hive_clientpositive,https://github.com/apache/hive/blob/master/ql/src/test/queries/clientpositive/annotate_stats_lateral_view_join.q,baseline_status:pass;feature:ddl;feature:drop_table;feature:drop_table_syntax;feature:status_pass;gt_status:pass;gt_strength:strong;level1:ddl;level2:drop_table_syntax;source:apache_hive_clientpositive;tier:real,Auto-extracted from Apache Hive open-source query test suite | positive directory assertion | baseline=local_hive_parse_sdk
HIVE_REAL_067,DDL,CREATE_TABLE_SYNTAX,medium,fail,parse_error,quoted_identifier_path_syntax,parser_unit_file_heuristic:TestSpecialCharacterInTableNamesQuotes.java,strong,fail,parse_error,reserved_keyword_table_name,cannot_recognize_input,reserved_keyword_table_name,1:13,local_hive_parse_sdk,"create table ""cbo_/t3////""(key string, value string, c_int int, c_float float, c_boolean boolean) row format delimited fields terminated by ',' STORED AS TEXTFILE",real,apache_hive_parser_unit,https://github.com/apache/hive/blob/master/parser/src/test/org/apache/hadoop/hive/ql/parse/TestSpecialCharacterInTableNamesQuotes.java,baseline_error:parse_error;baseline_status:fail;feature:create_table;feature:create_table_syntax;feature:ddl;feature:error_parse_error;feature:error_subtype_quoted_identifier_path_syntax;feature:serde;feature:status_fail;gt_error:parse_error;gt_error_subtype:quoted_identifier_path_syntax;gt_status:fail;gt_strength:strong;level1:ddl;level2:create_table_syntax;source:apache_hive_parser_unit;tier:real,Auto-extracted from Apache Hive parser unit tests | baseline=local_hive_parse_sdk
HIVE_REAL_068,DDL,CREATE_TABLE_SYNTAX,medium,fail,parse_error,reserved_keyword_table_name,parser_unit_explicit_negative,strong,fail,parse_error,reserved_keyword_table_name,cannot_recognize_input,reserved_keyword_table_name,1:13,local_hive_parse_sdk,CREATE TABLE PARTITION (col STRING),real,apache_hive_parser_unit,https://github.com/apache/hive/blob/master/parser/src/test/org/apache/hadoop/hive/ql/parse/TestReservedWords.java,baseline_error:parse_error;baseline_status:fail;feature:create_table;feature:create_table_syntax;feature:ddl;feature:error_parse_error;feature:error_subtype_reserved_keyword_table_name;feature:partition;feature:status_fail;gt_error:parse_error;gt_error_subtype:reserved_keyword_table_name;gt_status:fail;gt_strength:strong;level1:ddl;level2:create_table_syntax;source:apache_hive_parser_unit;tier:real,Auto-extracted from Apache Hive parser unit tests | baseline=local_hive_parse_sdk
HIVE_REAL_069,DDL,CREATE_DATABASE_SYNTAX,medium,fail,parse_error,quoted_identifier_path_syntax,parser_unit_file_heuristic:TestSpecialCharacterInTableNamesQuotes.java,strong,fail,parse_error,quoted_database_identifier_syntax,cannot_recognize_input,quoted_database_identifier_syntax,1:16,local_hive_parse_sdk,"create database ""db~!@#$%^&*(),<>""",real,apache_hive_parser_unit,https://github.com/apache/hive/blob/master/parser/src/test/org/apache/hadoop/hive/ql/parse/TestSpecialCharacterInTableNamesQuotes.java,baseline_error:parse_error;baseline_status:fail;feature:create_database_syntax;feature:ddl;feature:error_parse_error;feature:error_subtype_quoted_identifier_path_syntax;feature:status_fail;gt_error:parse_error;gt_error_subtype:quoted_identifier_path_syntax;gt_status:fail;gt_strength:strong;level1:ddl;level2:create_database_syntax;source:apache_hive_parser_unit;tier:real,Auto-extracted from Apache Hive parser unit tests | baseline=local_hive_parse_sdk
HIVE_REAL_070,DDL,CREATE_TABLE_SYNTAX,medium,fail,parse_error,reserved_keyword_table_name,parser_unit_explicit_negative,strong,fail,parse_error,reserved_keyword_table_name,cannot_recognize_input,reserved_keyword_table_name,1:13,local_hive_parse_sdk,CREATE TABLE HAVING (col STRING),real,apache_hive_parser_unit,https://github.com/apache/hive/blob/master/parser/src/test/org/apache/hadoop/hive/ql/parse/TestReservedWords.java,baseline_error:parse_error;baseline_status:fail;feature:create_table;feature:create_table_syntax;feature:ddl;feature:error_parse_error;feature:error_subtype_reserved_keyword_table_name;feature:having;feature:status_fail;gt_error:parse_error;gt_error_subtype:reserved_keyword_table_name;gt_status:fail;gt_strength:strong;level1:ddl;level2:create_table_syntax;source:apache_hive_parser_unit;tier:real,Auto-extracted from Apache Hive parser unit tests | baseline=local_hive_parse_sdk
HIVE_REAL_071,DML,LOAD_DATA_SYNTAX,medium,fail,parse_error,quoted_identifier_path_syntax,parser_unit_file_heuristic:TestSpecialCharacterInTableNamesQuotes.java,strong,fail,parse_error,reserved_keyword_table_name,cannot_recognize_input,reserved_keyword_table_name,1:64,local_hive_parse_sdk,"load data local inpath '../../data/files/cbo_t1.txt' into table ""c/b/o_t1"" partition (dt='2014')",real,apache_hive_parser_unit,https://github.com/apache/hive/blob/master/parser/src/test/org/apache/hadoop/hive/ql/parse/TestSpecialCharacterInTableNamesQuotes.java,baseline_error:parse_error;baseline_status:fail;feature:dml;feature:error_parse_error;feature:error_subtype_quoted_identifier_path_syntax;feature:load_data_syntax;feature:partition;feature:status_fail;gt_error:parse_error;gt_error_subtype:quoted_identifier_path_syntax;gt_status:fail;gt_strength:strong;level1:dml;level2:load_data_syntax;source:apache_hive_parser_unit;tier:real,Auto-extracted from Apache Hive parser unit tests | baseline=local_hive_parse_sdk
HIVE_REAL_072,DML,INSERT_INTO_SYNTAX,medium,pass,,,open_benchmark_clientpositive_directory,strong,pass,,,,,,local_hive_parse_sdk,"insert into table acid_vectorized_part partition (ds = 'tomorrow') select cint, cstring1 from alltypesorc where cint is not null order by cint limit 10",real,apache_hive_clientpositive,https://github.com/apache/hive/blob/master/ql/src/test/queries/clientpositive/acid_vectorization_partition.q,baseline_status:pass;feature:dml;feature:insert_into;feature:insert_into_syntax;feature:limit;feature:order_sort;feature:partition;feature:status_pass;gt_status:pass;gt_strength:strong;level1:dml;level2:insert_into_syntax;source:apache_hive_clientpositive;tier:real,Auto-extracted from Apache Hive open-source query test suite | positive directory assertion | baseline=local_hive_parse_sdk
HIVE_REAL_073,DML,INSERT_INTO_SYNTAX,medium,fail,parse_error,quoted_identifier_path_syntax,parser_unit_file_heuristic:TestSpecialCharacterInTableNamesQuotes.java,strong,fail,parse_error,reserved_keyword_table_name,cannot_recognize_input,reserved_keyword_table_name,1:18,local_hive_parse_sdk,"insert into table ""src/_/cbo"" select * from default.src",real,apache_hive_parser_unit,https://github.com/apache/hive/blob/master/parser/src/test/org/apache/hadoop/hive/ql/parse/TestSpecialCharacterInTableNamesQuotes.java,baseline_error:parse_error;baseline_status:fail;feature:dml;feature:error_parse_error;feature:error_subtype_quoted_identifier_path_syntax;feature:insert_into;feature:insert_into_syntax;feature:status_fail;gt_error:parse_error;gt_error_subtype:quoted_identifier_path_syntax;gt_status:fail;gt_strength:strong;level1:dml;level2:insert_into_syntax;source:apache_hive_parser_unit;tier:real,Auto-extracted from Apache Hive parser unit tests | baseline=local_hive_parse_sdk
HIVE_REAL_074,DML,INSERT_OVERWRITE_SYNTAX,medium,pass,,,open_benchmark_clientpositive_directory,strong,pass,,,,,,local_hive_parse_sdk,"insert overwrite table alter_partition_change_col1 partition (p1, p2) select c1, c2, 'abc', '123' from alter_partition_change_col0 union all select c1, c2, cast(null as string), '123' from alter_partition_change_col0",real,apache_hive_clientpositive,https://github.com/apache/hive/blob/master/ql/src/test/queries/clientpositive/alter_partition_change_col.q,baseline_status:pass;feature:dml;feature:insert_overwrite;feature:insert_overwrite_syntax;feature:partition;feature:status_pass;feature:subquery;feature:union;gt_status:pass;gt_strength:strong;level1:dml;level2:insert_overwrite_syntax;source:apache_hive_clientpositive;tier:real,Auto-extracted from Apache Hive open-source query test suite | positive directory assertion | baseline=local_hive_parse_sdk
HIVE_REAL_075,DML,INSERT_OVERWRITE_SYNTAX,medium,fail,parse_error,quoted_identifier_path_syntax,parser_unit_file_heuristic:TestSpecialCharacterInTableNamesQuotes.java,strong,fail,parse_error,reserved_keyword_table_name,cannot_recognize_input,reserved_keyword_table_name,1:23,local_hive_parse_sdk,"insert overwrite table ""src/_/cbo"" select * from default.src",real,apache_hive_parser_unit,https://github.com/apache/hive/blob/master/parser/src/test/org/apache/hadoop/hive/ql/parse/TestSpecialCharacterInTableNamesQuotes.java,baseline_error:parse_error;baseline_status:fail;feature:dml;feature:error_parse_error;feature:error_subtype_quoted_identifier_path_syntax;feature:insert_overwrite;feature:insert_overwrite_syntax;feature:status_fail;gt_error:parse_error;gt_error_subtype:quoted_identifier_path_syntax;gt_status:fail;gt_strength:strong;level1:dml;level2:insert_overwrite_syntax;source:apache_hive_parser_unit;tier:real,Auto-extracted from Apache Hive parser unit tests | baseline=local_hive_parse_sdk
HIVE_REAL_076,DML,LOAD_DATA_SYNTAX,medium,pass,,,open_benchmark_clientpositive_directory,strong,pass,,,,,,local_hive_parse_sdk,"load data local inpath '../../data/files/smbbucket_1.rc' into table src_rc_merge_test_part_n1 partition (ds='2012-01-03', ts='2012-01-03+14:46:31')",real,apache_hive_clientpositive,https://github.com/apache/hive/blob/master/ql/src/test/queries/clientpositive/alter_merge_2.q,baseline_status:pass;feature:dml;feature:load_data_syntax;feature:partition;feature:status_pass;gt_status:pass;gt_strength:strong;level1:dml;level2:load_data_syntax;source:apache_hive_clientpositive;tier:real,Auto-extracted from Apache Hive open-source query test suite | positive directory assertion | baseline=local_hive_parse_sdk
HIVE_REAL_077,DML,LOAD_DATA_SYNTAX,medium,fail,parse_error,quoted_identifier_path_syntax,parser_unit_file_heuristic:TestSpecialCharacterInTableNamesQuotes.java,strong,fail,parse_error,reserved_keyword_table_name,cannot_recognize_input,reserved_keyword_table_name,1:64,local_hive_parse_sdk,"load data local inpath '../../data/files/cbo_t2.txt' into table ""//cbo_t2"" partition (dt='2014')",real,apache_hive_parser_unit,https://github.com/apache/hive/blob/master/parser/src/test/org/apache/hadoop/hive/ql/parse/TestSpecialCharacterInTableNamesQuotes.java,baseline_error:parse_error;baseline_status:fail;feature:dml;feature:error_parse_error;feature:error_subtype_quoted_identifier_path_syntax;feature:load_data_syntax;feature:partition;feature:status_fail;gt_error:parse_error;gt_error_subtype:quoted_identifier_path_syntax;gt_status:fail;gt_strength:strong;level1:dml;level2:load_data_syntax;source:apache_hive_parser_unit;tier:real,Auto-extracted from Apache Hive parser unit tests | baseline=local_hive_parse_sdk
HIVE_REAL_078,DML,INSERT_INTO_SYNTAX,medium,pass,,,open_benchmark_clientpositive_directory,strong,pass,,,,,,local_hive_parse_sdk,"insert into table acid_vectorized_part partition (ds = 'today') select cint, cstring1 from alltypesorc where cint is not null order by cint limit 10",real,apache_hive_clientpositive,https://github.com/apache/hive/blob/master/ql/src/test/queries/clientpositive/acid_vectorization_partition.q,baseline_status:pass;feature:dml;feature:insert_into;feature:insert_into_syntax;feature:limit;feature:order_sort;feature:partition;feature:status_pass;gt_status:pass;gt_strength:strong;level1:dml;level2:insert_into_syntax;source:apache_hive_clientpositive;tier:real,Auto-extracted from Apache Hive open-source query test suite | positive directory assertion | baseline=local_hive_parse_sdk
HIVE_REAL_079,DML,INSERT_INTO_SYNTAX,medium,fail,parse_error,quoted_identifier_path_syntax,parser_unit_file_heuristic:TestSpecialCharacterInTableNamesQuotes.java,strong,fail,parse_error,reserved_keyword_table_name,cannot_recognize_input,reserved_keyword_table_name,1:12,local_hive_parse_sdk,"insert into ""t//"" values(null)",real,apache_hive_parser_unit,https://github.com/apache/hive/blob/master/parser/src/test/org/apache/hadoop/hive/ql/parse/TestSpecialCharacterInTableNamesQuotes.java,baseline_error:parse_error;baseline_status:fail;feature:dml;feature:error_parse_error;feature:error_subtype_quoted_identifier_path_syntax;feature:insert_into;feature:insert_into_syntax;feature:status_fail;gt_error:parse_error;gt_error_subtype:quoted_identifier_path_syntax;gt_status:fail;gt_strength:strong;level1:dml;level2:insert_into_syntax;source:apache_hive_parser_unit;tier:real,Auto-extracted from Apache Hive parser unit tests | baseline=local_hive_parse_sdk
HIVE_REAL_080,DML,INSERT_OVERWRITE_SYNTAX,medium,pass,,,open_benchmark_clientpositive_directory,strong,pass,,,,,,local_hive_parse_sdk,"insert overwrite table alter_table_restrict partition (p1, p2) select c1, 'abc', '123' from alter_table_src union all select c1, cast(null as string), '123' from alter_table_src",real,apache_hive_clientpositive,https://github.com/apache/hive/blob/master/ql/src/test/queries/clientpositive/alter_table_cascade.q,baseline_status:pass;feature:dml;feature:insert_overwrite;feature:insert_overwrite_syntax;feature:partition;feature:status_pass;feature:subquery;feature:union;gt_status:pass;gt_strength:strong;level1:dml;level2:insert_overwrite_syntax;source:apache_hive_clientpositive;tier:real,Auto-extracted from Apache Hive open-source query test suite | positive directory assertion | baseline=local_hive_parse_sdk
HIVE_REAL_081,DML,LOAD_DATA_SYNTAX,medium,fail,parse_error,quoted_identifier_path_syntax,parser_unit_file_heuristic:TestSpecialCharacterInTableNamesQuotes.java,strong,fail,parse_error,reserved_keyword_table_name,cannot_recognize_input,reserved_keyword_table_name,1:76,local_hive_parse_sdk,"LOAD DATA LOCAL INPATH '../../data/files/lineitem.txt' OVERWRITE INTO TABLE ""line/item""",real,apache_hive_parser_unit,https://github.com/apache/hive/blob/master/parser/src/test/org/apache/hadoop/hive/ql/parse/TestSpecialCharacterInTableNamesQuotes.java,baseline_error:parse_error;baseline_status:fail;feature:dml;feature:error_parse_error;feature:error_subtype_quoted_identifier_path_syntax;feature:load_data_syntax;feature:status_fail;gt_error:parse_error;gt_error_subtype:quoted_identifier_path_syntax;gt_status:fail;gt_strength:strong;level1:dml;level2:load_data_syntax;source:apache_hive_parser_unit;tier:real,Auto-extracted from Apache Hive parser unit tests | baseline=local_hive_parse_sdk
HIVE_REAL_082,DML,LOAD_DATA_SYNTAX,medium,pass,,,open_benchmark_clientpositive_directory,strong,pass,,,,,,local_hive_parse_sdk,"load data local inpath '../../data/files/smbbucket_2.rc' into table src_rc_merge_test_part_n1 partition (ds='2012-01-03', ts='2012-01-03+14:46:31')",real,apache_hive_clientpositive,https://github.com/apache/hive/blob/master/ql/src/test/queries/clientpositive/alter_merge_2.q,baseline_status:pass;feature:dml;feature:load_data_syntax;feature:partition;feature:status_pass;gt_status:pass;gt_strength:strong;level1:dml;level2:load_data_syntax;source:apache_hive_clientpositive;tier:real,Auto-extracted from Apache Hive open-source query test suite | positive directory assertion | baseline=local_hive_parse_sdk
HIVE_REAL_083,DML,INSERT_INTO_SYNTAX,medium,fail,parse_error,quoted_identifier_path_syntax,parser_unit_file_heuristic:TestSpecialCharacterInTableNamesQuotes.java,strong,fail,parse_error,reserved_keyword_table_name,cannot_recognize_input,reserved_keyword_table_name,1:12,local_hive_parse_sdk,"insert into ""t//"" values(1)",real,apache_hive_parser_unit,https://github.com/apache/hive/blob/master/parser/src/test/org/apache/hadoop/hive/ql/parse/TestSpecialCharacterInTableNamesQuotes.java,baseline_error:parse_error;baseline_status:fail;feature:dml;feature:error_parse_error;feature:error_subtype_quoted_identifier_path_syntax;feature:insert_into;feature:insert_into_syntax;feature:status_fail;gt_error:parse_error;gt_error_subtype:quoted_identifier_path_syntax;gt_status:fail;gt_strength:strong;level1:dml;level2:insert_into_syntax;source:apache_hive_parser_unit;tier:real,Auto-extracted from Apache Hive parser unit tests | baseline=local_hive_parse_sdk
HIVE_REAL_084,DML,INSERT_INTO_SYNTAX,medium,pass,,,open_benchmark_clientpositive_directory,strong,pass,,,,,,local_hive_parse_sdk,"insert into table src_orc_merge_test_part partition(ds='2012-01-03', ts='2012-01-03+14:46:31') select * from src order by key, value limit 100",real,apache_hive_clientpositive,https://github.com/apache/hive/blob/master/ql/src/test/queries/clientpositive/alter_merge_2_orc.q,baseline_status:pass;feature:dml;feature:insert_into;feature:insert_into_syntax;feature:limit;feature:order_sort;feature:status_pass;gt_status:pass;gt_strength:strong;level1:dml;level2:insert_into_syntax;source:apache_hive_clientpositive;tier:real,Auto-extracted from Apache Hive open-source query test suite | positive directory assertion | baseline=local_hive_parse_sdk
HIVE_REAL_085,DML,LOAD_DATA_SYNTAX,medium,fail,parse_error,quoted_identifier_path_syntax,parser_unit_file_heuristic:TestSpecialCharacterInTableNamesQuotes.java,strong,fail,parse_error,reserved_keyword_table_name,cannot_recognize_input,reserved_keyword_table_name,1:77,local_hive_parse_sdk,"LOAD DATA LOCAL INPATH '../../data/files/part_tiny.txt' overwrite into table ""p/a/r/t""",real,apache_hive_parser_unit,https://github.com/apache/hive/blob/master/parser/src/test/org/apache/hadoop/hive/ql/parse/TestSpecialCharacterInTableNamesQuotes.java,baseline_error:parse_error;baseline_status:fail;feature:dml;feature:error_parse_error;feature:error_subtype_quoted_identifier_path_syntax;feature:load_data_syntax;feature:status_fail;gt_error:parse_error;gt_error_subtype:quoted_identifier_path_syntax;gt_status:fail;gt_strength:strong;level1:dml;level2:load_data_syntax;source:apache_hive_parser_unit;tier:real,Auto-extracted from Apache Hive parser unit tests | baseline=local_hive_parse_sdk
HIVE_REAL_086,DML,INSERT_OVERWRITE_SYNTAX,medium,pass,,,open_benchmark_clientpositive_directory,strong,pass,,,,,,local_hive_parse_sdk,"insert overwrite table alter_table_cascade partition (p1, p2) select c1, 'abc', '123' from alter_table_src union all select c1, cast(null as string), '123' from alter_table_src",real,apache_hive_clientpositive,https://github.com/apache/hive/blob/master/ql/src/test/queries/clientpositive/alter_table_cascade.q,baseline_status:pass;feature:dml;feature:insert_overwrite;feature:insert_overwrite_syntax;feature:partition;feature:status_pass;feature:subquery;feature:union;gt_status:pass;gt_strength:strong;level1:dml;level2:insert_overwrite_syntax;source:apache_hive_clientpositive;tier:real,Auto-extracted from Apache Hive open-source query test suite | positive directory assertion | baseline=local_hive_parse_sdk
HIVE_REAL_087,DML,LOAD_DATA_SYNTAX,medium,fail,parse_error,quoted_identifier_path_syntax,parser_unit_file_heuristic:TestSpecialCharacterInTableNamesQuotes.java,strong,fail,parse_error,reserved_keyword_table_name,cannot_recognize_input,reserved_keyword_table_name,1:64,local_hive_parse_sdk,"load data local inpath '../../data/files/cbo_t3.txt' into table ""cbo_/t3////""",real,apache_hive_parser_unit,https://github.com/apache/hive/blob/master/parser/src/test/org/apache/hadoop/hive/ql/parse/TestSpecialCharacterInTableNamesQuotes.java,baseline_error:parse_error;baseline_status:fail;feature:dml;feature:error_parse_error;feature:error_subtype_quoted_identifier_path_syntax;feature:load_data_syntax;feature:status_fail;gt_error:parse_error;gt_error_subtype:quoted_identifier_path_syntax;gt_status:fail;gt_strength:strong;level1:dml;level2:load_data_syntax;source:apache_hive_parser_unit;tier:real,Auto-extracted from Apache Hive parser unit tests | baseline=local_hive_parse_sdk
HIVE_REAL_088,DML,LOAD_DATA_SYNTAX,medium,pass,,,open_benchmark_clientpositive_directory,strong,pass,,,,,,local_hive_parse_sdk,"load data local inpath '../../data/files/smbbucket_3.rc' into table src_rc_merge_test_part_n1 partition (ds='2012-01-03', ts='2012-01-03+14:46:31')",real,apache_hive_clientpositive,https://github.com/apache/hive/blob/master/ql/src/test/queries/clientpositive/alter_merge_2.q,baseline_status:pass;feature:dml;feature:load_data_syntax;feature:partition;feature:status_pass;gt_status:pass;gt_strength:strong;level1:dml;level2:load_data_syntax;source:apache_hive_clientpositive;tier:real,Auto-extracted from Apache Hive open-source query test suite | positive directory assertion | baseline=local_hive_parse_sdk
HIVE_REAL_089,DML,INSERT_INTO_SYNTAX,medium,pass,,,open_benchmark_clientpositive_directory,strong,pass,,,,,,local_hive_parse_sdk,"insert into table src_orc_merge_test_part partition(ds='2012-01-03', ts='2012-01-03+14:46:31') select * from src order by key, value limit 10",real,apache_hive_clientpositive,https://github.com/apache/hive/blob/master/ql/src/test/queries/clientpositive/alter_merge_2_orc.q,baseline_status:pass;feature:dml;feature:insert_into;feature:insert_into_syntax;feature:limit;feature:order_sort;feature:status_pass;gt_status:pass;gt_strength:strong;level1:dml;level2:insert_into_syntax;source:apache_hive_clientpositive;tier:real,Auto-extracted from Apache Hive open-source query test suite | positive directory assertion | baseline=local_hive_parse_sdk
HIVE_REAL_090,DML,INSERT_OVERWRITE_SYNTAX,medium,pass,,,open_benchmark_clientpositive_directory,strong,pass,,,,,,local_hive_parse_sdk,"insert overwrite table avc.alter_varchar_1 select key, value, key, value from src order by key limit 5",real,apache_hive_clientpositive,https://github.com/apache/hive/blob/master/ql/src/test/queries/clientpositive/alter_varchar1.q,baseline_status:pass;feature:dml;feature:insert_overwrite;feature:insert_overwrite_syntax;feature:limit;feature:order_sort;feature:status_pass;gt_status:pass;gt_strength:strong;level1:dml;level2:insert_overwrite_syntax;source:apache_hive_clientpositive;tier:real,Auto-extracted from Apache Hive open-source query test suite | positive directory assertion | baseline=local_hive_parse_sdk
HIVE_REAL_091,UTILITY,OTHER,medium,pass,,,open_benchmark_clientpositive_directory,strong,pass,,,,,,local_hive_parse_sdk,UPDATE test_update_part SET b=6666 WHERE a IN (SELECT a FROM test_update_part_text WHERE (c=11 and b=2) or c=33),real,apache_hive_clientpositive,https://github.com/apache/hive/blob/master/ql/src/test/queries/clientpositive/acid_direct_update_delete_partitions.q,baseline_status:pass;feature:other;feature:status_pass;feature:update;feature:utility;gt_status:pass;gt_strength:strong;level1:utility;level2:other;source:apache_hive_clientpositive;tier:real,Auto-extracted from Apache Hive open-source query test suite | positive directory assertion | baseline=local_hive_parse_sdk
HIVE_REAL_092,UTILITY,EXPLAIN,medium,pass,,,open_benchmark_clientpositive_directory,strong,pass,,,,,,local_hive_parse_sdk,"explain select stack(2, *) as (e1,e2,e3) from ( select concat(*), concat(a.*), concat(b.*), concat(a.*, b.key), concat(a.key, b.*) from src a join src b on a.key+1=b.key where a.key < 100) x limit 10",real,apache_hive_clientpositive,https://github.com/apache/hive/blob/master/ql/src/test/queries/clientpositive/allcolref_in_udf.q,baseline_status:pass;feature:explain;feature:join;feature:limit;feature:status_pass;feature:subquery;feature:utility;gt_status:pass;gt_strength:strong;level1:utility;level2:explain;source:apache_hive_clientpositive;tier:real,Auto-extracted from Apache Hive open-source query test suite | positive directory assertion | baseline=local_hive_parse_sdk
HIVE_REAL_093,UTILITY,USE_DB,easy,fail,parse_error,quoted_identifier_path_syntax,parser_unit_file_heuristic:TestSpecialCharacterInTableNamesQuotes.java,strong,fail,parse_error,quoted_database_identifier_syntax,cannot_recognize_input,quoted_database_identifier_syntax,1:4,local_hive_parse_sdk,"use ""db~!@#$%^&*(),<>""",real,apache_hive_parser_unit,https://github.com/apache/hive/blob/master/parser/src/test/org/apache/hadoop/hive/ql/parse/TestSpecialCharacterInTableNamesQuotes.java,baseline_error:parse_error;baseline_status:fail;feature:error_parse_error;feature:error_subtype_quoted_identifier_path_syntax;feature:status_fail;feature:use_db;feature:utility;gt_error:parse_error;gt_error_subtype:quoted_identifier_path_syntax;gt_status:fail;gt_strength:strong;level1:utility;level2:use_db;source:apache_hive_parser_unit;tier:real,Auto-extracted from Apache Hive parser unit tests | baseline=local_hive_parse_sdk
HIVE_REAL_094,UTILITY,OTHER,medium,pass,,,open_benchmark_clientpositive_directory,strong,pass,,,,,,local_hive_parse_sdk,"describe alter_partition_change_col1 partition (p1='__HIVE_DEFAULT_PARTITION__', p2='123')",real,apache_hive_clientpositive,https://github.com/apache/hive/blob/master/ql/src/test/queries/clientpositive/alter_partition_change_col.q,baseline_status:pass;feature:describe;feature:other;feature:partition;feature:status_pass;feature:utility;gt_status:pass;gt_strength:strong;level1:utility;level2:other;source:apache_hive_clientpositive;tier:real,Auto-extracted from Apache Hive open-source query test suite | positive directory assertion | baseline=local_hive_parse_sdk
HIVE_REAL_095,UTILITY,USE_DB,easy,pass,,,open_benchmark_clientpositive_directory,strong,pass,,,,,,local_hive_parse_sdk,USE test_insert_col_db,real,apache_hive_clientpositive,https://github.com/apache/hive/blob/master/ql/src/test/queries/clientpositive/authorization_insert_column.q,baseline_status:pass;feature:status_pass;feature:use_db;feature:utility;gt_status:pass;gt_strength:strong;level1:utility;level2:use_db;source:apache_hive_clientpositive;tier:real,Auto-extracted from Apache Hive open-source query test suite | positive directory assertion | baseline=local_hive_parse_sdk
HIVE_REAL_096,UTILITY,EXPLAIN,medium,pass,,,open_benchmark_clientpositive_directory,strong,pass,,,,,,local_hive_parse_sdk,"explain select * from annotate_stats_lateral_view_join_test a lateral view explode(array(1, 2, 3)) b lateral view explode(array(1)) c lateral view explode(array(1, 2)) d",real,apache_hive_clientpositive,https://github.com/apache/hive/blob/master/ql/src/test/queries/clientpositive/annotate_stats_lateral_view_join.q,baseline_status:pass;feature:explain;feature:lateral_view;feature:status_pass;feature:utility;gt_status:pass;gt_strength:strong;level1:utility;level2:explain;source:apache_hive_clientpositive;tier:real,Auto-extracted from Apache Hive open-source query test suite | positive directory assertion | baseline=local_hive_parse_sdk
HIVE_REAL_097,UTILITY,OTHER,medium,pass,,,open_benchmark_clientpositive_directory,strong,pass,,,,,,local_hive_parse_sdk,"describe extended alter3_renamed partition (pCol1='test_part:', pcol2='test_part:')",real,apache_hive_clientpositive,https://github.com/apache/hive/blob/master/ql/src/test/queries/clientpositive/alter3.q,baseline_status:pass;feature:describe;feature:other;feature:partition;feature:status_pass;feature:utility;gt_status:pass;gt_strength:strong;level1:utility;level2:other;source:apache_hive_clientpositive;tier:real,Auto-extracted from Apache Hive open-source query test suite | positive directory assertion | baseline=local_hive_parse_sdk
HIVE_REAL_098,UTILITY,OTHER,medium,pass,,,open_benchmark_clientpositive_directory,strong,pass,,,,,,local_hive_parse_sdk,DELETE FROM test_delete_part WHERE a in (SELECT a FROM test_update_part_text WHERE (c=11 and b=2) or c=22),real,apache_hive_clientpositive,https://github.com/apache/hive/blob/master/ql/src/test/queries/clientpositive/acid_direct_update_delete_partitions.q,baseline_status:pass;feature:delete;feature:other;feature:status_pass;feature:utility;gt_status:pass;gt_strength:strong;level1:utility;level2:other;source:apache_hive_clientpositive;tier:real,Auto-extracted from Apache Hive open-source query test suite | positive directory assertion | baseline=local_hive_parse_sdk
HIVE_REAL_099,UTILITY,OTHER,medium,pass,,,open_benchmark_clientpositive_directory,strong,pass,,,,,,local_hive_parse_sdk,"merge into srcpart_acidvb t using (select distinct ds, hr, key, value from srcpart_acidvb) s on s.ds=t.ds and s.hr=t.hr and s.key=t.key and s.value=t.value when matched and s.ds='2008-04-08' and s.hr=='11' and s.key='44' then update set value=concat(s.value,'updated by merge') when matched and s.ds='2008-04-08' and s.hr=='12' then delete when not matched then insert values('this','should','not','be there')",real,apache_hive_clientpositive,https://github.com/apache/hive/blob/master/ql/src/test/queries/clientpositive/acid_no_buckets.q,baseline_status:pass;feature:merge;feature:other;feature:status_pass;feature:utility;gt_status:pass;gt_strength:strong;level1:utility;level2:other;source:apache_hive_clientpositive;tier:real,Auto-extracted from Apache Hive open-source query test suite | positive directory assertion | baseline=local_hive_parse_sdk
HIVE_REAL_100,UTILITY,OTHER,medium,pass,,,open_benchmark_clientpositive_directory,strong,pass,,,,,,local_hive_parse_sdk,"describe alter_table_restrict partition (p1='__HIVE_DEFAULT_PARTITION__', p2='123')",real,apache_hive_clientpositive,https://github.com/apache/hive/blob/master/ql/src/test/queries/clientpositive/alter_table_cascade.q,baseline_status:pass;feature:describe;feature:other;feature:partition;feature:status_pass;feature:utility;gt_status:pass;gt_strength:strong;level1:utility;level2:other;source:apache_hive_clientpositive;tier:real,Auto-extracted from Apache Hive open-source query test suite | positive directory assertion | baseline=local_hive_parse_sdk
